This is pdfTeX, Version 3.141592653-2.6-1.40.25 (MiKTeX 24.1) (preloaded format=pdflatex 2024.9.26)  7 JUL 2026 11:54
entering extended mode
 restricted \write18 enabled.
 %&-line parsing enabled.
**./thesis.tex
(thesis.tex
LaTeX2e <2023-11-01> patch level 1
L3 programming layer <2024-01-04>
(Classes/PhDThesisPSnPDF.cls
Document Class: Classes/PhDThesisPSnPDF 2016/04/23 A PhD thesis class file by K
rishna Kumar (v2.3.1)
https://github.com/kks32/phd-thesis-template/
(C:\Users\User\AppData\Local\Programs\MiKTeX\tex/latex/base\book.cls
Document Class: book 2023/05/17 v1.4n Standard LaTeX document class
(C:\Users\User\AppData\Local\Programs\MiKTeX\tex/latex/base\bk12.clo
File: bk12.clo 2023/05/17 v1.4n Standard LaTeX file (size option)
)
\c@part=\count187
\c@chapter=\count188
\c@section=\count189
\c@subsection=\count190
\c@subsubsection=\count191
\c@paragraph=\count192
\c@subparagraph=\count193
\c@figure=\count194
\c@table=\count195
\abovecaptionskip=\skip48
\belowcaptionskip=\skip49
\bibindent=\dimen140
)
(C:\Users\User\AppData\Local\Programs\MiKTeX\tex/latex/graphics\lscape.sty
Package: lscape 2020/05/28 v3.02 Landscape Pages (DPC)

(C:\Users\User\AppData\Local\Programs\MiKTeX\tex/latex/graphics\graphics.sty
Package: graphics 2022/03/10 v1.4e Standard LaTeX Graphics (DPC,SPQR)

(C:\Users\User\AppData\Local\Programs\MiKTeX\tex/latex/graphics\trig.sty
Package: trig 2021/08/11 v1.11 sin cos tan (DPC)
)
(C:\Users\User\AppData\Local\Programs\MiKTeX\tex/latex/graphics-cfg\graphics.cf
g
File: graphics.cfg 2016/06/04 v1.11 sample graphics configuration
)
Package graphics Info: Driver file: pdftex.def on input line 107.

(C:\Users\User\AppData\Local\Programs\MiKTeX\tex/latex/graphics-def\pdftex.def
File: pdftex.def 2022/09/22 v1.2b Graphics/color driver for pdftex
))) (C:\Users\User\AppData\Local\Programs\MiKTeX\tex/latex/setspace\setspace.st
y
Package: setspace 2022/12/04 v6.7b set line spacing
) (C:\Users\User\AppData\Local\Programs\MiKTeX\tex/latex/tools\calc.sty
Package: calc 2023/07/08 v4.3 Infix arithmetic (KKT,FJ)
\calc@Acount=\count196
\calc@Bcount=\count197
\calc@Adimen=\dimen141
\calc@Bdimen=\dimen142
\calc@Askip=\skip50
\calc@Bskip=\skip51
LaTeX Info: Redefining \setlength on input line 80.
LaTeX Info: Redefining \addtolength on input line 81.
\calc@Ccount=\count198
\calc@Cskip=\skip52
)
(C:\Users\User\AppData\Local\Programs\MiKTeX\tex/latex/base\ifthen.sty
Package: ifthen 2022/04/13 v1.1d Standard LaTeX ifthen package (DPC)
)
(C:\Users\User\AppData\Local\Programs\MiKTeX\tex/generic/iftex\ifpdf.sty
Package: ifpdf 2019/10/25 v3.4 ifpdf legacy package. Use iftex instead.

(C:\Users\User\AppData\Local\Programs\MiKTeX\tex/generic/iftex\iftex.sty
Package: iftex 2022/02/03 v1.0f TeX engine tests
))
(C:\Users\User\AppData\Local\Programs\MiKTeX\tex/generic/iftex\ifxetex.sty
Package: ifxetex 2019/10/25 v0.7 ifxetex legacy package. Use iftex instead.
)
(C:\Users\User\AppData\Local\Programs\MiKTeX\tex/latex/tocbibind\tocbibind.sty
Package: tocbibind 2010/10/13 v1.5k extra ToC listings
Package tocbibind Info: The document has chapter divisions on input line 50.


Package tocbibind Note: Using chapter style headings, unless overridden.

) (C:\Users\User\AppData\Local\Programs\MiKTeX\tex/latex/appendix\appendix.sty
Package: appendix 2020/02/08 v1.2c extra appendix facilities
\c@@pps=\count199
\c@@ppsavesec=\count266
\c@@ppsaveapp=\count267
) (C:\Users\User\AppData\Local\Programs\MiKTeX\tex/latex/graphics\color.sty
Package: color 2022/01/06 v1.3d Standard LaTeX Color (DPC)

(C:\Users\User\AppData\Local\Programs\MiKTeX\tex/latex/graphics-cfg\color.cfg
File: color.cfg 2016/01/02 v1.6 sample color configuration
)
Package color Info: Driver file: pdftex.def on input line 149.

(C:\Users\User\AppData\Local\Programs\MiKTeX\tex/latex/graphics\dvipsnam.def
File: dvipsnam.def 2016/06/17 v3.0m Driver-dependent file (DPC,SPQR)
)
(C:\Users\User\AppData\Local\Programs\MiKTeX\tex/latex/graphics\mathcolor.ltx))

(C:\Users\User\AppData\Local\Programs\MiKTeX\tex/latex/epstopdf-pkg\epstopdf.st
y
Package: epstopdf 2020-01-24 v2.11 Conversion with epstopdf on the fly (HO)

(C:\Users\User\AppData\Local\Programs\MiKTeX\tex/generic/infwarerr\infwarerr.st
y
Package: infwarerr 2019/12/03 v1.5 Providing info/warning/error messages (HO)
) (C:\Users\User\AppData\Local\Programs\MiKTeX\tex/latex/grfext\grfext.sty
Package: grfext 2019/12/03 v1.3 Manage graphics extensions (HO)

(C:\Users\User\AppData\Local\Programs\MiKTeX\tex/generic/kvdefinekeys\kvdefinek
eys.sty
Package: kvdefinekeys 2019-12-19 v1.6 Define keys (HO)
))
(C:\Users\User\AppData\Local\Programs\MiKTeX\tex/latex/kvoptions\kvoptions.sty
Package: kvoptions 2022-06-15 v3.15 Key value format for package options (HO)

(C:\Users\User\AppData\Local\Programs\MiKTeX\tex/latex/graphics\keyval.sty
Package: keyval 2022/05/29 v1.15 key=value parser (DPC)
\KV@toks@=\toks17
)
(C:\Users\User\AppData\Local\Programs\MiKTeX\tex/generic/ltxcmds\ltxcmds.sty
Package: ltxcmds 2023-12-04 v1.26 LaTeX kernel commands for general use (HO)
)
(C:\Users\User\AppData\Local\Programs\MiKTeX\tex/latex/kvsetkeys\kvsetkeys.sty
Package: kvsetkeys 2022-10-05 v1.19 Key value parser (HO)
))
(C:\Users\User\AppData\Local\Programs\MiKTeX\tex/generic/pdftexcmds\pdftexcmds.
sty
Package: pdftexcmds 2020-06-27 v0.33 Utility functions of pdfTeX for LuaTeX (HO
)
Package pdftexcmds Info: \pdf@primitive is available.
Package pdftexcmds Info: \pdf@ifprimitive is available.
Package pdftexcmds Info: \pdfdraftmode found.
)
(C:\Users\User\AppData\Local\Programs\MiKTeX\tex/latex/epstopdf-pkg\epstopdf-ba
se.sty
Package: epstopdf-base 2020-01-24 v2.11 Base part for package epstopdf
Package epstopdf-base Info: Redefining graphics rule for `.eps' on input line 4
85.
Package grfext Info: Graphics extension search list:
(grfext)             [.pdf,.png,.jpg,.mps,.jpeg,.jbig2,.jb2,.PDF,.PNG,.JPG,.JPE
G,.JBIG2,.JB2,.eps]
(grfext)             \AppendGraphicsExtensions on input line 504.

(C:\Users\User\AppData\Local\Programs\MiKTeX\tex/latex/00miktex\epstopdf-sys.cf
g
File: epstopdf-sys.cfg 2021/03/18 v2.0 Configuration of epstopdf for MiKTeX
)))
(C:\Users\User\AppData\Local\Programs\MiKTeX\tex/latex/graphics\graphicx.sty
Package: graphicx 2021/09/16 v1.2d Enhanced LaTeX Graphics (DPC,SPQR)
\Gin@req@height=\dimen143
\Gin@req@width=\dimen144
)
(C:\Users\User\AppData\Local\Programs\MiKTeX\tex/latex/datetime\datetime.sty
Package: datetime 2015/03/20 v2.60 Date Time Package

(C:\Users\User\AppData\Local\Programs\MiKTeX\tex/latex/etoolbox\etoolbox.sty
Package: etoolbox 2020/10/05 v2.5k e-TeX tools for LaTeX (JAW)
\etb@tempcnta=\count268
)
(C:\Users\User\AppData\Local\Programs\MiKTeX\tex/latex/fmtcount\fmtcount.sty
Package: fmtcount 2024/08/31 v3.08

(C:\Users\User\AppData\Local\Programs\MiKTeX\tex/latex/xkeyval\xkeyval.sty
Package: xkeyval 2022/06/16 v2.9 package option processing (HA)

(C:\Users\User\AppData\Local\Programs\MiKTeX\tex/generic/xkeyval\xkeyval.tex
(C:\Users\User\AppData\Local\Programs\MiKTeX\tex/generic/xkeyval\xkvutils.tex
\XKV@toks=\toks18
\XKV@tempa@toks=\toks19
)
\XKV@depth=\count269
File: xkeyval.tex 2014/12/03 v2.7a key=value parser (HA)
)) (C:\Users\User\AppData\Local\Programs\MiKTeX\tex/latex/fmtcount\fcprefix.sty
Package: fcprefix 2012/09/28

(C:\Users\User\AppData\Local\Programs\MiKTeX\tex/latex/fmtcount\fcnumparser.sty
Package: fcnumparser 2017/06/15
\fc@digit@counter=\count270
)) (C:\Users\User\AppData\Local\Programs\MiKTeX\tex/latex/amsmath\amsgen.sty
File: amsgen.sty 1999/11/30 v2.0 generic functions
\@emptytoks=\toks20
\ex@=\dimen145
)
\c@padzeroesN=\count271
\fc@tmpcatcode=\count272
\@DT@modctr=\count273
\@ordinalctr=\count274
\@orgargctr=\count275
\@strctr=\count276
\@tmpstrctr=\count277
\@DT@loopN=\count278
\@DT@X=\count279
)
(C:\Users\User\AppData\Local\Programs\MiKTeX\tex/latex/datetime\datetime-defaul
ts.sty
Package: datetime-defaults 2013/09/10
)
\@day=\count280
\@month=\count281
\@year=\count282
\c@HOUR=\count283
\c@HOURXII=\count284
\c@MINUTE=\count285
\c@TOHOUR=\count286
\c@TOMINUTE=\count287
\c@SECOND=\count288
\currenthour=\count289
\currentminute=\count290
\currentsecond=\count291
Package datetime Info: No datetime.cfg file found, using default settings on in
put line 308.
\@dtctr=\count292
\dayofyear=\count293
\dayofweek=\count294
LaTeX Info: Redefining \today on input line 736.
\dt@a=\toks21
\dt@b=\toks22
)
\PHD@hour=\count295
\PHD@minute=\count296

(C:\Users\User\AppData\Local\Programs\MiKTeX\tex/latex/natbib\natbib.sty
Package: natbib 2010/09/13 8.31b (PWD, AO)
\bibhang=\skip53
\bibsep=\skip54
LaTeX Info: Redefining \cite on input line 694.
\c@NAT@ctr=\count297
)
(C:\Users\User\AppData\Local\Programs\MiKTeX\tex/latex/base\textcomp.sty
Package: textcomp 2020/02/02 v2.0n Standard LaTeX package
)
(C:\Users\User\AppData\Local\Programs\MiKTeX\tex/latex/psnfss\mathptmx.sty
Package: mathptmx 2020/03/25 PSNFSS-v9.3 Times w/ Math, improved (SPQR, WaS) 
LaTeX Font Info:    Redeclaring symbol font `operators' on input line 28.
LaTeX Font Info:    Overwriting symbol font `operators' in version `normal'
(Font)                  OT1/cmr/m/n --> OT1/ztmcm/m/n on input line 28.
LaTeX Font Info:    Overwriting symbol font `operators' in version `bold'
(Font)                  OT1/cmr/bx/n --> OT1/ztmcm/m/n on input line 28.
LaTeX Font Info:    Redeclaring symbol font `letters' on input line 29.
LaTeX Font Info:    Overwriting symbol font `letters' in version `normal'
(Font)                  OML/cmm/m/it --> OML/ztmcm/m/it on input line 29.
LaTeX Font Info:    Overwriting symbol font `letters' in version `bold'
(Font)                  OML/cmm/b/it --> OML/ztmcm/m/it on input line 29.
LaTeX Font Info:    Redeclaring symbol font `symbols' on input line 30.
LaTeX Font Info:    Overwriting symbol font `symbols' in version `normal'
(Font)                  OMS/cmsy/m/n --> OMS/ztmcm/m/n on input line 30.
LaTeX Font Info:    Overwriting symbol font `symbols' in version `bold'
(Font)                  OMS/cmsy/b/n --> OMS/ztmcm/m/n on input line 30.
LaTeX Font Info:    Redeclaring symbol font `largesymbols' on input line 31.
LaTeX Font Info:    Overwriting symbol font `largesymbols' in version `normal'
(Font)                  OMX/cmex/m/n --> OMX/ztmcm/m/n on input line 31.
LaTeX Font Info:    Overwriting symbol font `largesymbols' in version `bold'
(Font)                  OMX/cmex/m/n --> OMX/ztmcm/m/n on input line 31.
\symbold=\mathgroup4
\symitalic=\mathgroup5
LaTeX Font Info:    Redeclaring math alphabet \mathbf on input line 34.
LaTeX Font Info:    Overwriting math alphabet `\mathbf' in version `normal'
(Font)                  OT1/cmr/bx/n --> OT1/ptm/bx/n on input line 34.
LaTeX Font Info:    Overwriting math alphabet `\mathbf' in version `bold'
(Font)                  OT1/cmr/bx/n --> OT1/ptm/bx/n on input line 34.
LaTeX Font Info:    Redeclaring math alphabet \mathit on input line 35.
LaTeX Font Info:    Overwriting math alphabet `\mathit' in version `normal'
(Font)                  OT1/cmr/m/it --> OT1/ptm/m/it on input line 35.
LaTeX Font Info:    Overwriting math alphabet `\mathit' in version `bold'
(Font)                  OT1/cmr/bx/it --> OT1/ptm/m/it on input line 35.
LaTeX Info: Redefining \hbar on input line 50.
)
PhDThesisPSnPDF: Using Times Roman font
(C:\Users\User\AppData\Local\Programs\MiKTeX\tex/latex/base\inputenc.sty
Package: inputenc 2021/02/14 v1.3d Input encoding file
\inpenc@prehook=\toks23
\inpenc@posthook=\toks24
)
(C:\Users\User\AppData\Local\Programs\MiKTeX\tex/latex/base\fontenc.sty
Package: fontenc 2021/04/29 v2.0v Standard LaTeX package
LaTeX Font Info:    Trying to load font information for T1+ptm on input line 11
2.

(C:\Users\User\AppData\Local\Programs\MiKTeX\tex/latex/psnfss\t1ptm.fd
File: t1ptm.fd 2001/06/04 font definitions for T1/ptm.
))
(C:\Users\User\AppData\Local\Programs\MiKTeX\tex/latex/microtype\microtype.sty
Package: microtype 2024/03/29 v3.1b Micro-typographical refinements (RS)
\MT@toks=\toks25
\MT@tempbox=\box51
\MT@count=\count298
LaTeX Info: Redefining \noprotrusionifhmode on input line 1061.
LaTeX Info: Redefining \leftprotrusion on input line 1062.
\MT@prot@toks=\toks26
LaTeX Info: Redefining \rightprotrusion on input line 1081.
LaTeX Info: Redefining \textls on input line 1392.
\MT@outer@kern=\dimen146
LaTeX Info: Redefining \textmicrotypecontext on input line 2013.
\MT@listname@count=\count299

(C:\Users\User\AppData\Local\Programs\MiKTeX\tex/latex/microtype\microtype-pdft
ex.def
File: microtype-pdftex.def 2024/03/29 v3.1b Definitions specific to pdftex (RS)

LaTeX Info: Redefining \lsstyle on input line 902.
LaTeX Info: Redefining \lslig on input line 902.
\MT@outer@space=\skip55
)
Package microtype Info: Loading configuration file microtype.cfg.

(C:\Users\User\AppData\Local\Programs\MiKTeX\tex/latex/microtype\microtype.cfg
File: microtype.cfg 2024/03/29 v3.1b microtype main configuration file (RS)
))
(C:\Users\User\AppData\Local\Programs\MiKTeX\tex/generic/pdftex\glyphtounicode.
tex)
(C:\Users\User\AppData\Local\Programs\MiKTeX\tex/latex/amsfonts\amsfonts.sty
Package: amsfonts 2013/01/14 v3.01 Basic AMSFonts support
\symAMSa=\mathgroup6
\symAMSb=\mathgroup7
LaTeX Font Info:    Overwriting math alphabet `\mathfrak' in version `bold'
(Font)                  U/euf/m/n --> U/euf/b/n on input line 106.
)
(C:\Users\User\AppData\Local\Programs\MiKTeX\tex/latex/amsmath\amsmath.sty
Package: amsmath 2023/05/13 v2.17o AMS math features
\@mathmargin=\skip56

For additional information on amsmath, use the `?' option.
(C:\Users\User\AppData\Local\Programs\MiKTeX\tex/latex/amsmath\amstext.sty
Package: amstext 2021/08/26 v2.01 AMS text
)
(C:\Users\User\AppData\Local\Programs\MiKTeX\tex/latex/amsmath\amsbsy.sty
Package: amsbsy 1999/11/29 v1.2d Bold Symbols
\pmbraise@=\dimen147
)
(C:\Users\User\AppData\Local\Programs\MiKTeX\tex/latex/amsmath\amsopn.sty
Package: amsopn 2022/04/08 v2.04 operator names
)
\inf@bad=\count300
LaTeX Info: Redefining \frac on input line 234.
\uproot@=\count301
\leftroot@=\count302
LaTeX Info: Redefining \overline on input line 399.
LaTeX Info: Redefining \colon on input line 410.
\classnum@=\count303
\DOTSCASE@=\count304
LaTeX Info: Redefining \ldots on input line 496.
LaTeX Info: Redefining \dots on input line 499.
LaTeX Info: Redefining \cdots on input line 620.
\Mathstrutbox@=\box52
\strutbox@=\box53
LaTeX Info: Redefining \big on input line 722.
LaTeX Info: Redefining \Big on input line 723.
LaTeX Info: Redefining \bigg on input line 724.
LaTeX Info: Redefining \Bigg on input line 725.
\big@size=\dimen148
LaTeX Font Info:    Redeclaring font encoding OML on input line 743.
LaTeX Font Info:    Redeclaring font encoding OMS on input line 744.
\macc@depth=\count305
LaTeX Info: Redefining \bmod on input line 905.
LaTeX Info: Redefining \pmod on input line 910.
LaTeX Info: Redefining \smash on input line 940.
LaTeX Info: Redefining \relbar on input line 970.
LaTeX Info: Redefining \Relbar on input line 971.
\c@MaxMatrixCols=\count306
\dotsspace@=\muskip16
\c@parentequation=\count307
\dspbrk@lvl=\count308
\tag@help=\toks27
\row@=\count309
\column@=\count310
\maxfields@=\count311
\andhelp@=\toks28
\eqnshift@=\dimen149
\alignsep@=\dimen150
\tagshift@=\dimen151
\tagwidth@=\dimen152
\totwidth@=\dimen153
\lineht@=\dimen154
\@envbody=\toks29
\multlinegap=\skip57
\multlinetaggap=\skip58
\mathdisplay@stack=\toks30
LaTeX Info: Redefining \[ on input line 2953.
LaTeX Info: Redefining \] on input line 2954.
)
(C:\Users\User\AppData\Local\Programs\MiKTeX\tex/latex/amsfonts\amssymb.sty
Package: amssymb 2013/01/14 v3.01 AMS font symbols
)
(C:\Users\User\AppData\Local\Programs\MiKTeX\tex/latex/hyperref\hyperref.sty
Package: hyperref 2023-11-26 v7.01g Hypertext links for LaTeX

(C:\Users\User\AppData\Local\Programs\MiKTeX\tex/generic/pdfescape\pdfescape.st
y
Package: pdfescape 2019/12/09 v1.15 Implements pdfTeX's escape features (HO)
) (C:\Users\User\AppData\Local\Programs\MiKTeX\tex/latex/hycolor\hycolor.sty
Package: hycolor 2020-01-27 v1.10 Color options for hyperref/bookmark (HO)
)
(C:\Users\User\AppData\Local\Programs\MiKTeX\tex/latex/letltxmacro\letltxmacro.
sty
Package: letltxmacro 2019/12/03 v1.6 Let assignment for LaTeX macros (HO)
) (C:\Users\User\AppData\Local\Programs\MiKTeX\tex/latex/auxhook\auxhook.sty
Package: auxhook 2019-12-17 v1.6 Hooks for auxiliary files (HO)
) (C:\Users\User\AppData\Local\Programs\MiKTeX\tex/latex/hyperref\nameref.sty
Package: nameref 2023-11-26 v2.56 Cross-referencing by name of section

(C:\Users\User\AppData\Local\Programs\MiKTeX\tex/latex/refcount\refcount.sty
Package: refcount 2019/12/15 v3.6 Data extraction from label references (HO)
)
(C:\Users\User\AppData\Local\Programs\MiKTeX\tex/generic/gettitlestring\gettitl
estring.sty
Package: gettitlestring 2019/12/15 v1.6 Cleanup title references (HO)
)
\c@section@level=\count312
)
\@linkdim=\dimen155
\Hy@linkcounter=\count313
\Hy@pagecounter=\count314

(C:\Users\User\AppData\Local\Programs\MiKTeX\tex/latex/hyperref\pd1enc.def
File: pd1enc.def 2023-11-26 v7.01g Hyperref: PDFDocEncoding definition (HO)
Now handling font encoding PD1 ...
... no UTF-8 mapping file for font encoding PD1
)
(C:\Users\User\AppData\Local\Programs\MiKTeX\tex/generic/intcalc\intcalc.sty
Package: intcalc 2019/12/15 v1.3 Expandable calculations with integers (HO)
)
\Hy@SavedSpaceFactor=\count315

(C:\Users\User\AppData\Local\Programs\MiKTeX\tex/latex/hyperref\puenc.def
File: puenc.def 2023-11-26 v7.01g Hyperref: PDF Unicode definition (HO)
Now handling font encoding PU ...
... no UTF-8 mapping file for font encoding PU
)
Package hyperref Info: Option `unicode' set `true' on input line 4064.
Package hyperref Info: Hyper figures OFF on input line 4181.
Package hyperref Info: Link nesting OFF on input line 4186.
Package hyperref Info: Hyper index ON on input line 4189.
Package hyperref Info: Plain pages OFF on input line 4196.
Package hyperref Info: Backreferencing OFF on input line 4201.
Package hyperref Info: Implicit mode ON; LaTeX internals redefined.
Package hyperref Info: Bookmarks ON on input line 4448.
\c@Hy@tempcnt=\count316

(C:\Users\User\AppData\Local\Programs\MiKTeX\tex/latex/url\url.sty
\Urlmuskip=\muskip17
Package: url 2013/09/16  ver 3.4  Verb mode for urls, etc.
)
LaTeX Info: Redefining \url on input line 4786.
\XeTeXLinkMargin=\dimen156

(C:\Users\User\AppData\Local\Programs\MiKTeX\tex/generic/bitset\bitset.sty
Package: bitset 2019/12/09 v1.3 Handle bit-vector datatype (HO)

(C:\Users\User\AppData\Local\Programs\MiKTeX\tex/generic/bigintcalc\bigintcalc.
sty
Package: bigintcalc 2019/12/15 v1.5 Expandable calculations on big integers (HO
)
))
\Fld@menulength=\count317
\Field@Width=\dimen157
\Fld@charsize=\dimen158
Package hyperref Info: Hyper figures OFF on input line 6065.
Package hyperref Info: Link nesting OFF on input line 6070.
Package hyperref Info: Hyper index ON on input line 6073.
Package hyperref Info: backreferencing OFF on input line 6080.
Package hyperref Info: Link coloring OFF on input line 6085.
Package hyperref Info: Link coloring with OCG OFF on input line 6090.
Package hyperref Info: PDF/A mode OFF on input line 6095.

(C:\Users\User\AppData\Local\Programs\MiKTeX\tex/latex/base\atbegshi-ltx.sty
Package: atbegshi-ltx 2021/01/10 v1.0c Emulation of the original atbegshi
package with kernel methods
)
\Hy@abspage=\count318
\c@Item=\count319
\c@Hfootnote=\count320
)
Package hyperref Info: Driver (autodetected): hpdftex.

(C:\Users\User\AppData\Local\Programs\MiKTeX\tex/latex/hyperref\hpdftex.def
File: hpdftex.def 2023-11-26 v7.01g Hyperref driver for pdfTeX

(C:\Users\User\AppData\Local\Programs\MiKTeX\tex/latex/base\atveryend-ltx.sty
Package: atveryend-ltx 2020/08/19 v1.0a Emulation of the original atveryend pac
kage
with kernel methods
)
\Fld@listcount=\count321
\c@bookmark@seq@number=\count322

(C:\Users\User\AppData\Local\Programs\MiKTeX\tex/latex/rerunfilecheck\rerunfile
check.sty
Package: rerunfilecheck 2022-07-10 v1.10 Rerun checks for auxiliary files (HO)

(C:\Users\User\AppData\Local\Programs\MiKTeX\tex/generic/uniquecounter\uniqueco
unter.sty
Package: uniquecounter 2019/12/15 v1.4 Provide unlimited unique counter (HO)
)
Package uniquecounter Info: New unique counter `rerunfilecheck' on input line 2
85.
)
\Hy@SectionHShift=\skip59
)
Package hyperref Info: Option `final' set `true' on input line 621.
Package hyperref Info: Option `plainpages' set `false' on input line 621.
Package hyperref Info: Option `pdftoolbar' set `true' on input line 621.
Package hyperref Info: Option `pdfmenubar' set `true' on input line 621.
Package hyperref Info: Option `bookmarksopen' set `true' on input line 621.
Package hyperref Info: Option `bookmarksnumbered' set `true' on input line 621.

Package hyperref Info: Option `breaklinks' set `true' on input line 621.
Package hyperref Info: Option `linktocpage' set `true' on input line 621.
Package hyperref Info: Option `colorlinks' set `true' on input line 621.

(C:\Users\User\AppData\Local\Programs\MiKTeX\tex/latex/geometry\geometry.sty
Package: geometry 2020/01/02 v5.9 Page Geometry

(C:\Users\User\AppData\Local\Programs\MiKTeX\tex/generic/iftex\ifvtex.sty
Package: ifvtex 2019/10/25 v1.7 ifvtex legacy package. Use iftex instead.
)
\Gm@cnth=\count323
\Gm@cntv=\count324
\c@Gm@tempcnt=\count325
\Gm@bindingoffset=\dimen159
\Gm@wd@mp=\dimen160
\Gm@odd@mp=\dimen161
\Gm@even@mp=\dimen162
\Gm@layoutwidth=\dimen163
\Gm@layoutheight=\dimen164
\Gm@layouthoffset=\dimen165
\Gm@layoutvoffset=\dimen166
\Gm@dimlist=\toks31

(C:\Users\User\AppData\Local\Programs\MiKTeX\tex/latex/geometry\geometry.cfg))
PhDThesisPSnPDF: The University identity guidelines recommend using left aligne
d text. Please use `flushleft' in the documentclass option, if you wish to left
 align your text
(C:\Users\User\AppData\Local\Programs\MiKTeX\tex/latex/fancyhdr\fancyhdr.sty
Package: fancyhdr 2024/07/23 v4.3.1 Extensive control of page headers and foote
rs
\f@nch@headwidth=\skip60
\f@nch@O@elh=\skip61
\f@nch@O@erh=\skip62
\f@nch@O@olh=\skip63
\f@nch@O@orh=\skip64
\f@nch@O@elf=\skip65
\f@nch@O@erf=\skip66
\f@nch@O@olf=\skip67
\f@nch@O@orf=\skip68
)
(C:\Users\User\AppData\Local\Programs\MiKTeX\tex/latex/nomencl\nomencl.sty
Package: nomencl 2021/11/10 v5.6 Nomenclature package

(C:\Users\User\AppData\Local\Programs\MiKTeX\tex/latex/koma-script\tocbasic.sty
Package: tocbasic 2023/07/07 v3.41 KOMA-Script package (handling toc-files)
(C:\Users\User\AppData\Local\Programs\MiKTeX\tex/latex/koma-script\scrbase.sty
Package: scrbase 2023/07/07 v3.41 KOMA-Script package (KOMA-Script-independent 
basics and keyval usage)

(C:\Users\User\AppData\Local\Programs\MiKTeX\tex/latex/koma-script\scrlfile.sty
Package: scrlfile 2023/07/07 v3.41 KOMA-Script package (file load hooks)

(C:\Users\User\AppData\Local\Programs\MiKTeX\tex/latex/koma-script\scrlfile-hoo
k.sty
Package: scrlfile-hook 2023/07/07 v3.41 KOMA-Script package (using LaTeX hooks)


(C:\Users\User\AppData\Local\Programs\MiKTeX\tex/latex/koma-script\scrlogo.sty
Package: scrlogo 2023/07/07 v3.41 KOMA-Script package (logo)
)))
Applying: [2021/05/01] Usage of raw or classic option list on input line 252.
Already applied: [0000/00/00] Usage of raw or classic option list on input line
 368.
)
\scr@dte@tocline@numberwidth=\skip69
\scr@dte@tocline@numbox=\box54
)
Package tocbasic Info: omitting babel extension for `nlo'
(tocbasic)             because of missing \bbl@set@language on input line 187.
Package tocbasic Info: omitting babel extension for `nls'
(tocbasic)             because of missing \bbl@set@language on input line 188.
\nomlabelwidth=\dimen167
\nom@tempdim=\dimen168
\nomitemsep=\skip70
)
\@nomenclaturefile=\write3
\openout3 = `thesis.nlo'.

Package nomencl Info: Writing nomenclature file thesis.nlo on input line 1032.
 (C:\Users\User\AppData\Local\Programs\MiKTeX\tex/latex/base\makeidx.sty
Package: makeidx 2021/10/04 v1.0m Standard LaTeX package
)
\@indexfile=\write4
\openout4 = `thesis.idx'.


Writing index file thesis.idx
) (Preamble/preamble.tex
(C:\Users\User\AppData\Local\Programs\MiKTeX\tex/latex/float\float.sty
Package: float 2001/11/08 v1.3d Float enhancements (AL)
\c@float@type=\count326
\float@exts=\toks32
\float@box=\box55
\@float@everytoks=\toks33
\@floatcapt=\box56
)
(C:\Users\User\AppData\Local\Programs\MiKTeX\tex/latex/enumitem\enumitem.sty
Package: enumitem 2025/02/06 v3.11 Customized lists
\labelindent=\skip71
\enit@outerparindent=\dimen169
\enit@toks=\toks34
\enit@inbox=\box57
\enit@count@id=\count327
\enitdp@description=\count328
)
\@float@every@algorithm=\toks35
\c@algorithm=\count329
\c@algcodei=\count330
\enitdp@algcode=\count331

(C:\Users\User\AppData\Local\Programs\MiKTeX\tex/latex/caption\caption.sty
Package: caption 2023/08/05 v3.6o Customizing captions (AR)

(C:\Users\User\AppData\Local\Programs\MiKTeX\tex/latex/caption\caption3.sty
Package: caption3 2023/07/31 v2.4d caption3 kernel (AR)
\caption@tempdima=\dimen170
\captionmargin=\dimen171
\caption@leftmargin=\dimen172
\caption@rightmargin=\dimen173
\caption@width=\dimen174
\caption@indent=\dimen175
\caption@parindent=\dimen176
\caption@hangindent=\dimen177
Package caption Info: Standard document class detected.
)
\c@caption@flags=\count332
\c@continuedfloat=\count333
Package caption Info: float package is loaded.
Package caption Info: hyperref package is loaded.
)
(C:\Users\User\AppData\Local\Programs\MiKTeX\tex/latex/placeins\placeins.sty
Package: placeins 2005/04/18  v 2.2
)
(C:\Users\User\AppData\Local\Programs\MiKTeX\tex/latex/caption\subcaption.sty
Package: subcaption 2023/07/28 v1.6b Sub-captions (AR)
Package caption Info: New subtype `subfigure' on input line 238.
\c@subfigure=\count334
Package caption Info: New subtype `subtable' on input line 238.
\c@subtable=\count335
)
(C:\Users\User\AppData\Local\Programs\MiKTeX\tex/latex/booktabs\booktabs.sty
Package: booktabs 2020/01/12 v1.61803398 Publication quality tables
\heavyrulewidth=\dimen178
\lightrulewidth=\dimen179
\cmidrulewidth=\dimen180
\belowrulesep=\dimen181
\belowbottomsep=\dimen182
\aboverulesep=\dimen183
\abovetopsep=\dimen184
\cmidrulesep=\dimen185
\cmidrulekern=\dimen186
\defaultaddspace=\dimen187
\@cmidla=\count336
\@cmidlb=\count337
\@aboverulesep=\dimen188
\@belowrulesep=\dimen189
\@thisruleclass=\count338
\@lastruleclass=\count339
\@thisrulewidth=\dimen190
)
(C:\Users\User\AppData\Local\Programs\MiKTeX\tex/latex/multirow\multirow.sty
Package: multirow 2021/03/15 v2.8 Span multiple rows of a table
\multirow@colwidth=\skip72
\multirow@cntb=\count340
\multirow@dima=\skip73
\bigstrutjot=\dimen191
)
(C:\Users\User\AppData\Local\Programs\MiKTeX\tex/latex/tools\longtable.sty
Package: longtable 2023-11-01 v4.19 Multi-page Table package (DPC)
\LTleft=\skip74
\LTright=\skip75
\LTpre=\skip76
\LTpost=\skip77
\LTchunksize=\count341
\LTcapwidth=\dimen192
\LT@head=\box58
\LT@firsthead=\box59
\LT@foot=\box60
\LT@lastfoot=\box61
\LT@gbox=\box62
\LT@cols=\count342
\LT@rows=\count343
\c@LT@tables=\count344
\c@LT@chunks=\count345
\LT@p@ftn=\toks36
)
(C:\Users\User\AppData\Local\Programs\MiKTeX\tex/latex/tools\tabularx.sty
Package: tabularx 2023/07/08 v2.11c `tabularx' package (DPC)

(C:\Users\User\AppData\Local\Programs\MiKTeX\tex/latex/tools\array.sty
Package: array 2023/10/16 v2.5g Tabular extension package (FMi)
\col@sep=\dimen193
\ar@mcellbox=\box63
\extrarowheight=\dimen194
\NC@list=\toks37
\extratabsurround=\skip78
\backup@length=\skip79
\ar@cellbox=\box64
)
\TX@col@width=\dimen195
\TX@old@table=\dimen196
\TX@old@col=\dimen197
\TX@target=\dimen198
\TX@delta=\dimen199
\TX@cols=\count346
\TX@ftn=\toks38
)
(C:\Users\User\AppData\Local\Programs\MiKTeX\tex/latex/siunitx\siunitx.sty
Package: siunitx 2024-08-20 v3.3.21 A comprehensive (SI) units package
\l__siunitx_number_uncert_offset_int=\count347
\l__siunitx_number_exponent_fixed_int=\count348
\l__siunitx_number_min_decimal_int=\count349
\l__siunitx_number_min_integer_int=\count350
\l__siunitx_number_round_precision_int=\count351
\l__siunitx_number_lower_threshold_int=\count352
\l__siunitx_number_upper_threshold_int=\count353
\l__siunitx_number_group_first_int=\count354
\l__siunitx_number_group_size_int=\count355
\l__siunitx_number_group_minimum_int=\count356
\l__siunitx_angle_tmp_dim=\dimen256
\l__siunitx_angle_marker_box=\box65
\l__siunitx_angle_unit_box=\box66
\l__siunitx_compound_count_int=\count357

(C:\Users\User\AppData\Local\Programs\MiKTeX\tex/latex/translations\translation
s.sty
Package: translations 2022/02/05 v1.12 internationalization of LaTeX2e packages
 (CN)
)
\l__siunitx_table_tmp_box=\box67
\l__siunitx_table_tmp_dim=\dimen257
\l__siunitx_table_column_width_dim=\dimen258
\l__siunitx_table_integer_box=\box68
\l__siunitx_table_decimal_box=\box69
\l__siunitx_table_uncert_box=\box70
\l__siunitx_table_before_box=\box71
\l__siunitx_table_after_box=\box72
\l__siunitx_table_before_dim=\dimen259
\l__siunitx_table_carry_dim=\dimen260
\l__siunitx_unit_tmp_int=\count358
\l__siunitx_unit_position_int=\count359
\l__siunitx_unit_total_int=\count360
)
(C:\Users\User\AppData\Local\Programs\MiKTeX\tex/latex/xcolor\xcolor.sty
Package: xcolor 2023/11/15 v3.01 LaTeX color extensions (UK)

(C:\Users\User\AppData\Local\Programs\MiKTeX\tex/latex/graphics-cfg\color.cfg
File: color.cfg 2016/01/02 v1.6 sample color configuration
)
Package xcolor Info: Driver file: pdftex.def on input line 274.
LaTeX Info: Redefining \color on input line 758.

(C:\Users\User\AppData\Local\Programs\MiKTeX\tex/latex/graphics\mathcolor.ltx)
Package xcolor Info: Model `cmy' substituted by `cmy0' on input line 1350.
Package xcolor Info: Model `hsb' substituted by `rgb' on input line 1354.
Package xcolor Info: Model `RGB' extended on input line 1366.
Package xcolor Info: Model `HTML' substituted by `rgb' on input line 1368.
Package xcolor Info: Model `Hsb' substituted by `hsb' on input line 1369.
Package xcolor Info: Model `tHsb' substituted by `hsb' on input line 1370.
Package xcolor Info: Model `HSB' substituted by `hsb' on input line 1371.
Package xcolor Info: Model `Gray' substituted by `gray' on input line 1372.
Package xcolor Info: Model `wave' substituted by `hsb' on input line 1373.
) (C:\Users\User\AppData\Local\Programs\MiKTeX\tex/latex/listings\listings.sty
\lst@mode=\count361
\lst@gtempboxa=\box73
\lst@token=\toks39
\lst@length=\count362
\lst@currlwidth=\dimen261
\lst@column=\count363
\lst@pos=\count364
\lst@lostspace=\dimen262
\lst@width=\dimen263
\lst@newlines=\count365
\lst@lineno=\count366
\lst@maxwidth=\dimen264

(C:\Users\User\AppData\Local\Programs\MiKTeX\tex/latex/listings\lstmisc.sty
File: lstmisc.sty 2023/02/27 1.9 (Carsten Heinz)
\c@lstnumber=\count367
\lst@skipnumbers=\count368
\lst@framebox=\box74
)
(C:\Users\User\AppData\Local\Programs\MiKTeX\tex/latex/listings\listings.cfg
File: listings.cfg 2023/02/27 1.9 listings configuration
))
Package: listings 2023/02/27 1.9 (Carsten Heinz)

(C:\Users\User\AppData\Local\Programs\MiKTeX\tex/latex/listings\lstlang1.sty
File: lstlang1.sty 2023/02/27 1.9 listings language file
))
(thesis-info.tex)
Package translations Info: No language package found. I am going to use `englis
h' as default language. on input line 110.

(C:\Users\User\AppData\Local\Programs\MiKTeX\tex/latex/l3backend\l3backend-pdft
ex.def
File: l3backend-pdftex.def 2024-01-04 L3 backend support: PDF output (pdfTeX)
\l__color_backend_stack_int=\count369
\l__pdf_internal_box=\box75
) (thesis.aux (Declaration/declaration.aux) (Abstract/abstract.aux)
(Impact/impact.aux) (Acknowledgement/acknowledgement.aux)
(Nomenclature/nomenclature.aux) (Chapter1/chapter1.aux) (Chapter2/chapter2.aux)
(Chapter3/chapter3.aux) (Chapter4/chapter4.aux) (Chapter5/chapter5.aux)
(Chapter6/chapter6.aux) (Chapter7/chapter7.aux) (Chapter8/chapter8.aux))
\openout1 = `thesis.aux'.

LaTeX Font Info:    Checking defaults for OML/cmm/m/it on input line 110.
LaTeX Font Info:    ... okay on input line 110.
LaTeX Font Info:    Checking defaults for OMS/cmsy/m/n on input line 110.
LaTeX Font Info:    ... okay on input line 110.
LaTeX Font Info:    Checking defaults for OT1/cmr/m/n on input line 110.
LaTeX Font Info:    ... okay on input line 110.
LaTeX Font Info:    Checking defaults for T1/cmr/m/n on input line 110.
LaTeX Font Info:    ... okay on input line 110.
LaTeX Font Info:    Checking defaults for TS1/cmr/m/n on input line 110.
LaTeX Font Info:    ... okay on input line 110.
LaTeX Font Info:    Checking defaults for OMX/cmex/m/n on input line 110.
LaTeX Font Info:    ... okay on input line 110.
LaTeX Font Info:    Checking defaults for U/cmr/m/n on input line 110.
LaTeX Font Info:    ... okay on input line 110.
LaTeX Font Info:    Checking defaults for PD1/pdf/m/n on input line 110.
LaTeX Font Info:    ... okay on input line 110.
LaTeX Font Info:    Checking defaults for PU/pdf/m/n on input line 110.
LaTeX Font Info:    ... okay on input line 110.

(C:\Users\User\AppData\Local\Programs\MiKTeX\tex/context/base/mkii\supp-pdf.mki
i
[Loading MPS to PDF converter (version 2006.09.02).]
\scratchcounter=\count370
\scratchdimen=\dimen265
\scratchbox=\box76
\nofMPsegments=\count371
\nofMParguments=\count372
\everyMPshowfont=\toks40
\MPscratchCnt=\count373
\MPscratchDim=\dimen266
\MPnumerator=\count374
\makeMPintoPDFobject=\count375
\everyMPtoPDFconversion=\toks41
)
(C:\Users\User\AppData\Local\Programs\MiKTeX\tex/latex/fmtcount\fc-english.def
File: fc-english.def 2016/01/12
)
LaTeX Info: Redefining \microtypecontext on input line 110.
Package microtype Info: Applying patch `item' on input line 110.
Package microtype Info: Applying patch `toc' on input line 110.
Package microtype Info: Applying patch `eqnum' on input line 110.
Package microtype Info: Applying patch `footnote' on input line 110.
Package microtype Info: Applying patch `verbatim' on input line 110.
Package microtype Info: Generating PDF output.
Package microtype Info: Character protrusion enabled (level 2).
Package microtype Info: Using default protrusion set `alltext'.
Package microtype Info: Automatic font expansion enabled (level 2),
(microtype)             stretch: 20, shrink: 20, step: 1, non-selected.
Package microtype Info: Using default expansion set `alltext-nott'.
LaTeX Info: Redefining \showhyphens on input line 110.
Package microtype Info: No adjustment of tracking.
Package microtype Info: No adjustment of interword spacing.
Package microtype Info: No adjustment of character kerning.
(C:\Users\User\AppData\Local\Programs\MiKTeX\tex/latex/microtype\mt-ptm.cfg
File: mt-ptm.cfg 2006/04/20 v1.7 microtype config. file: Times (RS)
)
Package hyperref Info: Link coloring ON on input line 110.

(thesis.out) (thesis.out)
\@outlinefile=\write5
\openout5 = `thesis.out'.


*geometry* driver: auto-detecting
*geometry* detected driver: pdftex
*geometry* verbose mode - [ preamble ] result:
* driver: pdftex
* paper: a4paper
* layout: <same size as paper>
* layoutoffset:(h,v)=(0.0pt,0.0pt)
* hratio: 1:1
* vratio: 1:1
* bindingoffset: 14.22636pt
* modes: twoside 
* h-part:(L,W,R)=(72.91019pt, 437.46112pt, 72.9102pt)
* v-part:(T,H,B)=(105.63086pt, 633.78513pt, 105.63086pt)
* \paperwidth=597.50787pt
* \paperheight=845.04684pt
* \textwidth=437.46112pt
* \textheight=633.78513pt
* \oddsidemargin=14.86656pt
* \evensidemargin=0.64021pt
* \topmargin=1.48708pt
* \headheight=14.5pt
* \headsep=19.8738pt
* \topskip=12.0pt
* \footskip=30.0pt
* \marginparwidth=88.0pt
* \marginparsep=7.0pt
* \columnsep=10.0pt
* \skip\footins=10.8pt plus 4.0pt minus 2.0pt
* \hoffset=0.0pt
* \voffset=0.0pt
* \mag=1000
* \@twocolumnfalse
* \@twosidetrue
* \@mparswitchtrue
* \@reversemarginfalse
* (1in=72.27pt=25.4mm, 1cm=28.453pt)

Package caption Info: Begin \AtBeginDocument code.
Package caption Info: listings package is loaded.
Package caption Info: longtable package is loaded.
(C:\Users\User\AppData\Local\Programs\MiKTeX\tex/latex/caption\ltcaption.sty
Package: ltcaption 2021/01/08 v1.4c longtable captions (AR)
)
Package caption Info: End \AtBeginDocument code.

(C:\Users\User\AppData\Local\Programs\MiKTeX\tex/latex/translations/dicts\trans
lations-basic-dictionary-english.trsl
File: translations-basic-dictionary-english.trsl (english translation file `tra
nslations-basic-dictionary')
)
Package translations Info: loading dictionary `translations-basic-dictionary' f
or `english'. on input line 110.
\c@lstlisting=\count376
\PHD@Title=\box77
LaTeX Font Info:    Trying to load font information for OT1+ztmcm on input line
 114.

(C:\Users\User\AppData\Local\Programs\MiKTeX\tex/latex/psnfss\ot1ztmcm.fd
File: ot1ztmcm.fd 2000/01/03 Fontinst v1.801 font definitions for OT1/ztmcm.
)
Package microtype Info: Loading generic protrusion settings for font family
(microtype)             `ztmcm' (encoding: OT1).
(microtype)             For optimal results, create family-specific settings.
(microtype)             See the microtype manual for details.
LaTeX Font Info:    Trying to load font information for OML+ztmcm on input line
 114.

(C:\Users\User\AppData\Local\Programs\MiKTeX\tex/latex/psnfss\omlztmcm.fd
File: omlztmcm.fd 2000/01/03 Fontinst v1.801 font definitions for OML/ztmcm.
)
LaTeX Font Info:    Trying to load font information for OMS+ztmcm on input line
 114.

(C:\Users\User\AppData\Local\Programs\MiKTeX\tex/latex/psnfss\omsztmcm.fd
File: omsztmcm.fd 2000/01/03 Fontinst v1.801 font definitions for OMS/ztmcm.
)
LaTeX Font Info:    Trying to load font information for OMX+ztmcm on input line
 114.

(C:\Users\User\AppData\Local\Programs\MiKTeX\tex/latex/psnfss\omxztmcm.fd
File: omxztmcm.fd 2000/01/03 Fontinst v1.801 font definitions for OMX/ztmcm.
)
LaTeX Font Info:    Trying to load font information for OT1+ptm on input line 1
14.

(C:\Users\User\AppData\Local\Programs\MiKTeX\tex/latex/psnfss\ot1ptm.fd
File: ot1ptm.fd 2001/06/04 font definitions for OT1/ptm.
)
LaTeX Font Info:    Font shape `OT1/ptm/bx/n' in size <12> not available
(Font)              Font shape `OT1/ptm/b/n' tried instead on input line 114.
LaTeX Font Info:    Font shape `OT1/ptm/bx/n' in size <9> not available
(Font)              Font shape `OT1/ptm/b/n' tried instead on input line 114.
LaTeX Font Info:    Font shape `OT1/ptm/bx/n' in size <7> not available
(Font)              Font shape `OT1/ptm/b/n' tried instead on input line 114.

(C:\Users\User\AppData\Local\Programs\MiKTeX\tex/latex/microtype\mt-msa.cfg
File: mt-msa.cfg 2006/02/04 v1.1 microtype config. file: AMS symbols (a) (RS)
)
(C:\Users\User\AppData\Local\Programs\MiKTeX\tex/latex/microtype\mt-msb.cfg
File: mt-msb.cfg 2005/06/01 v1.0 microtype config. file: AMS symbols (b) (RS)
)
\PHD@crest=\box78
<Figs/ucl-logo-black-on-grey.jpg, id=375, 501.875pt x 168.63pt>
File: Figs/ucl-logo-black-on-grey.jpg Graphic file (type jpg)
<use Figs/ucl-logo-black-on-grey.jpg>
Package pdftex.def Info: Figs/ucl-logo-black-on-grey.jpg  used on input line 11
4.
(pdftex.def)             Requested size: 109.36528pt x 36.74619pt.
\PHD@collegecrest=\box79
\PHD@author=\box80
\PHD@supervisor=\box81
\PHD@advisor=\box82
\PHD@dept=\box83
\PHD@submission=\box84
\PHD@collegedate=\box85
\PHD@titlepagespacing=\skip80

[1


{C:/Users/User/AppData/Local/MiKTeX/fonts/map/pdftex/pdftex.map}{C:/Users/User/
AppData/Local/Programs/MiKTeX/fonts/enc/dvips/base/8r.enc} <./Figs/ucl-logo-bla
ck-on-grey.jpg>]
\openout2 = `Declaration/declaration.aux'.

 (Declaration/declaration.tex [2


]) [3

]
\openout2 = `Abstract/abstract.aux'.

 (Abstract/abstract.tex [4




]
Underfull \hbox (badness 10000) in paragraph at lines 5--6

 []


Underfull \hbox (badness 10000) in paragraph at lines 7--8

 []

) [5

]
\openout2 = `Impact/impact.aux'.

 (Impact/impact.tex [6




]
Underfull \hbox (badness 10000) in paragraph at lines 5--6

 []


Underfull \hbox (badness 10000) in paragraph at lines 7--8

 []


Underfull \hbox (badness 10000) in paragraph at lines 9--10

 []


Underfull \hbox (badness 10000) in paragraph at lines 11--12

 []

[7

]
LaTeX Font Info:    Trying to load font information for TS1+ptm on input line 1
9.
 (C:\Users\User\AppData\Local\Programs\MiKTeX\tex/latex/psnfss\ts1ptm.fd
File: ts1ptm.fd 2001/06/04 font definitions for TS1/ptm.
))
[8

]
\openout2 = `Acknowledgement/acknowledgement.aux'.

 (Acknowledgement/acknowledgement.tex
Underfull \hbox (badness 10000) in paragraph at lines 5--7

 []

) [9





] [10



] (thesis.toc [11

] [12])
\tf@toc=\write6
\openout6 = `thesis.toc'.

 [13] [14

] (thesis.lof [15] [16] [17])
\tf@lof=\write7
\openout7 = `thesis.lof'.


[18] (thesis.lot)
\tf@lot=\write8
\openout8 = `thesis.lot'.

 [19

]
\openout2 = `Nomenclature/nomenclature.aux'.

 (Nomenclature/nomenclature.tex [20


] [21] [22] [23]
[24]) [25] [26



]
\openout2 = `Chapter1/chapter1.aux'.

 (Chapter1/chapter1.tex
Chapter 1.

Underfull \hbox (badness 10000) in paragraph at lines 10--11

 []


Underfull \hbox (badness 10000) in paragraph at lines 12--13

 []


Underfull \hbox (badness 10000) in paragraph at lines 18--19

 []

[1


]
Underfull \hbox (badness 10000) in paragraph at lines 20--21

 []


Underfull \hbox (badness 10000) in paragraph at lines 22--23

 []


Underfull \hbox (badness 10000) in paragraph at lines 24--25

 []


Underfull \hbox (badness 10000) in paragraph at lines 26--27

 []

[2]
Underfull \hbox (badness 10000) in paragraph at lines 28--29

 []

) [3]
\openout2 = `Chapter2/chapter2.aux'.

 (Chapter2/chapter2.tex [4




]
Chapter 2.

Underfull \hbox (badness 10000) in paragraph at lines 8--9

 []


Underfull \hbox (badness 10000) in paragraph at lines 18--19

 []

[5]
<Chapter2/Figs/neuron_anatomy.png, id=1165, 595.5048pt x 542.025pt>
File: Chapter2/Figs/neuron_anatomy.png Graphic file (type png)
<use Chapter2/Figs/neuron_anatomy.png>
Package pdftex.def Info: Chapter2/Figs/neuron_anatomy.png  used on input line 2
2.
(pdftex.def)             Requested size: 218.73056pt x 199.0822pt.

Underfull \hbox (badness 10000) in paragraph at lines 27--28

 []


Underfull \hbox (badness 10000) in paragraph at lines 29--30

 []

[6 <./Chapter2/Figs/neuron_anatomy.png>]
<Chapter2/Figs/neuron_spiking_dynamics.png, id=1177, 505.89pt x 664.52264pt>
File: Chapter2/Figs/neuron_spiking_dynamics.png Graphic file (type png)
<use Chapter2/Figs/neuron_spiking_dynamics.png>
Package pdftex.def Info: Chapter2/Figs/neuron_spiking_dynamics.png  used on inp
ut line 33.
(pdftex.def)             Requested size: 371.84462pt x 488.45377pt.
<Chapter2/Figs/hodgkin_huxley_model.png, id=1189, 636.4578pt x 263.5446pt>
File: Chapter2/Figs/hodgkin_huxley_model.png Graphic file (type png)
<use Chapter2/Figs/hodgkin_huxley_model.png>
Package pdftex.def Info: Chapter2/Figs/hodgkin_huxley_model.png  used on input 
line 45.
(pdftex.def)             Requested size: 437.46112pt x 181.14624pt.

Underfull \hbox (badness 10000) in paragraph at lines 58--59

 []

[7] [8 <./Chapter2/Figs/neuron_spiking_dynamics.png>]
Underfull \hbox (badness 10000) in paragraph at lines 76--77

 []

[9 <./Chapter2/Figs/hodgkin_huxley_model.png>]
<Chapter2/Figs/lif_neuron_model.png, id=1247, 777.6252pt x 259.2084pt>
File: Chapter2/Figs/lif_neuron_model.png Graphic file (type png)
<use Chapter2/Figs/lif_neuron_model.png>
Package pdftex.def Info: Chapter2/Figs/lif_neuron_model.png  used on input line
 80.
(pdftex.def)             Requested size: 437.46112pt x 145.82413pt.

Underfull \hbox (badness 10000) in paragraph at lines 99--100

 []

[10 <./Chapter2/Figs/lif_neuron_model.png>]
Underfull \hbox (badness 10000) in paragraph at lines 101--102

 []


Underfull \hbox (badness 10000) in paragraph at lines 111--112

 []

[11]
Underfull \hbox (badness 10000) in paragraph at lines 122--123

 []


Underfull \hbox (badness 10000) in paragraph at lines 129--130

 []


Underfull \hbox (badness 10000) in paragraph at lines 131--132

 []

[12]
Underfull \hbox (badness 10000) in paragraph at lines 143--144

 []

<Chapter2/Figs/three_factor_eligibility_trace.png, id=1323, 511.1898pt x 206.45
13pt>
File: Chapter2/Figs/three_factor_eligibility_trace.png Graphic file (type png)
<use Chapter2/Figs/three_factor_eligibility_trace.png>
Package pdftex.def Info: Chapter2/Figs/three_factor_eligibility_trace.png  used
 on input line 147.
(pdftex.def)             Requested size: 415.58672pt x 167.8389pt.

Underfull \hbox (badness 10000) in paragraph at lines 157--158

 []

[13] [14 <./Chapter2/Figs/three_factor_eligibility_trace.png>]
Underfull \hbox (badness 10000) in paragraph at lines 172--173

 []

<Chapter2/Figs/circuit_element_symmetries.png, id=1363, 542.025pt x 542.025pt>
File: Chapter2/Figs/circuit_element_symmetries.png Graphic file (type png)
<use Chapter2/Figs/circuit_element_symmetries.png>
Package pdftex.def Info: Chapter2/Figs/circuit_element_symmetries.png  used on 
input line 176.
(pdftex.def)             Requested size: 218.73056pt x 218.7332pt.

Underfull \hbox (badness 10000) in paragraph at lines 191--192

 []

<Chapter2/Figs/memristor_iv_characteristic.png, id=1366, 542.025pt x 496.254pt>

File: Chapter2/Figs/memristor_iv_characteristic.png Graphic file (type png)
<use Chapter2/Figs/memristor_iv_characteristic.png>
Package pdftex.def Info: Chapter2/Figs/memristor_iv_characteristic.png  used on
 input line 195.
(pdftex.def)             Requested size: 218.73056pt x 200.2624pt.
[15]
Underfull \hbox (badness 10000) in paragraph at lines 200--201

 []

[16 <./Chapter2/Figs/circuit_element_symmetries.png> <./Chapter2/Figs/memristor
_iv_characteristic.png>]
<Chapter2/Figs/rram_types.png, id=1402, 715.473pt x 336.7125pt>
File: Chapter2/Figs/rram_types.png Graphic file (type png)
<use Chapter2/Figs/rram_types.png>
Package pdftex.def Info: Chapter2/Figs/rram_types.png  used on input line 204.
(pdftex.def)             Requested size: 393.71233pt x 185.28491pt.
 [17 <./Chapter2/Figs/rram_types.png>]
Underfull \hbox (badness 10000) in paragraph at lines 218--219

 []

[18]
Underfull \hbox (badness 10000) in paragraph at lines 237--239

 []

<Chapter2/Figs/conduction_band_diagrams.png, id=1456, 591.20876pt x 525.965pt>
File: Chapter2/Figs/conduction_band_diagrams.png Graphic file (type png)
<use Chapter2/Figs/conduction_band_diagrams.png>
Package pdftex.def Info: Chapter2/Figs/conduction_band_diagrams.png  used on in
put line 242.
(pdftex.def)             Requested size: 284.34705pt x 252.97395pt.
[19] [20 <./Chapter2/Figs/conduction_band_diagrams.png>] [21] [22]
Underfull \hbox (badness 10000) in paragraph at lines 321--322

 []

[23]
Underfull \hbox (badness 10000) in paragraph at lines 331--332

 []

<Chapter2/Figs/crossbar_architecture.png, id=1518, 863.8674pt x 574.3056pt>
File: Chapter2/Figs/crossbar_architecture.png Graphic file (type png)
<use Chapter2/Figs/crossbar_architecture.png>
Package pdftex.def Info: Chapter2/Figs/crossbar_architecture.png  used on input
 line 335.
(pdftex.def)             Requested size: 306.22144pt x 203.57758pt.

Overfull \hbox (1.60464pt too wide) in paragraph at lines 340--341
\T1/ptm/m/n/12 (-20) Neuromorphic ar-chi-tec-tures fall into two cat-e-gories [
[]]: dig-i-tal sys-tems (e.g. IBM TrueNorth,
 []

[24 <./Chapter2/Figs/crossbar_architecture.png>]
Underfull \hbox (badness 10000) in paragraph at lines 345--346

 []


Underfull \hbox (badness 10000) in paragraph at lines 361--362

 []

[25]
Underfull \hbox (badness 10000) in paragraph at lines 377--378

 []

<Chapter2/Figs/address_event_representation.png, id=1554, 508.956pt x 304.848pt
>
File: Chapter2/Figs/address_event_representation.png Graphic file (type png)
<use Chapter2/Figs/address_event_representation.png>
Package pdftex.def Info: Chapter2/Figs/address_event_representation.png  used o
n input line 381.
(pdftex.def)             Requested size: 306.22144pt x 183.42189pt.

Underfull \hbox (badness 10000) in paragraph at lines 386--387

 []


Underfull \hbox (badness 10000) in paragraph at lines 388--389

 []

[26] [27 <./Chapter2/Figs/address_event_representation.png>]
Underfull \hbox (badness 10000) in paragraph at lines 395--396

 []

) [28]
\openout2 = `Chapter3/chapter3.aux'.

 (Chapter3/chapter3.tex
Chapter 3.

Underfull \hbox (badness 10000) in paragraph at lines 7--8

 []


Underfull \hbox (badness 10000) in paragraph at lines 18--19

 []

[29




]
<Chapter3/Figs/device_structure.png, id=1624, 355.437pt x 164.031pt>
File: Chapter3/Figs/device_structure.png Graphic file (type png)
<use Chapter3/Figs/device_structure.png>
Package pdftex.def Info: Chapter3/Figs/device_structure.png  used on input line
 22.
(pdftex.def)             Requested size: 349.97023pt x 161.52017pt.

Underfull \hbox (badness 10000) in paragraph at lines 27--28

 []


Underfull \hbox (badness 10000) in paragraph at lines 29--30

 []


Underfull \hbox (badness 10000) in paragraph at lines 31--32

 []

[30 <./Chapter3/Figs/device_structure.png>]
<Chapter3/Figs/mim_stack_cross_section.png, id=1643, 722.7pt x 361.35pt>
File: Chapter3/Figs/mim_stack_cross_section.png Graphic file (type png)
<use Chapter3/Figs/mim_stack_cross_section.png>
Package pdftex.def Info: Chapter3/Figs/mim_stack_cross_section.png  used on inp
ut line 35.
(pdftex.def)             Requested size: 415.58672pt x 207.79117pt.

Underfull \hbox (badness 10000) in paragraph at lines 42--43

 []

<Chapter3/Figs/rf_sputtering.png, id=1645, 813.0375pt x 484.81125pt>
File: Chapter3/Figs/rf_sputtering.png Graphic file (type png)
<use Chapter3/Figs/rf_sputtering.png>
Package pdftex.def Info: Chapter3/Figs/rf_sputtering.png  used on input line 46
.
(pdftex.def)             Requested size: 306.22144pt x 182.5953pt.

Underfull \hbox (badness 10000) in paragraph at lines 51--52

 []

[31 <./Chapter3/Figs/mim_stack_cross_section.png>]
Underfull \hbox (badness 10000) in paragraph at lines 53--54

 []


Underfull \hbox (badness 10000) in paragraph at lines 55--56

 []

<Chapter3/Figs/stylus_profilometer.png, id=1662, 439.8615pt x 270.3555pt>
File: Chapter3/Figs/stylus_profilometer.png Graphic file (type png)
<use Chapter3/Figs/stylus_profilometer.png>
Package pdftex.def Info: Chapter3/Figs/stylus_profilometer.png  used on input l
ine 60.
(pdftex.def)             Requested size: 328.09584pt x 201.66466pt.
[32 <./Chapter3/Figs/rf_sputtering.png>]
Underfull \hbox (badness 10000) in paragraph at lines 69--70

 []

[33 <./Chapter3/Figs/stylus_profilometer.png>]
Underfull \hbox (badness 10000) in paragraph at lines 71--72

 []

<Chapter3/Figs/kelvin_four_wire_measurement.png, id=1677, 562.392pt x 256.5585p
t>
File: Chapter3/Figs/kelvin_four_wire_measurement.png Graphic file (type png)
<use Chapter3/Figs/kelvin_four_wire_measurement.png>
Package pdftex.def Info: Chapter3/Figs/kelvin_four_wire_measurement.png  used o
n input line 75.
(pdftex.def)             Requested size: 415.58672pt x 189.59193pt.

Underfull \hbox (badness 10000) in paragraph at lines 80--81

 []

[34 <./Chapter3/Figs/kelvin_four_wire_measurement.png>]
Underfull \hbox (badness 10000) in paragraph at lines 82--83

 []

<Chapter3/Figs/transimpedance_amplifier.png, id=1685, 812.928pt x 405.15pt>
File: Chapter3/Figs/transimpedance_amplifier.png Graphic file (type png)
<use Chapter3/Figs/transimpedance_amplifier.png>
Package pdftex.def Info: Chapter3/Figs/transimpedance_amplifier.png  used on in
put line 87.
(pdftex.def)             Requested size: 306.22144pt x 152.61708pt.

Underfull \hbox (badness 10000) in paragraph at lines 92--93

 []

<Chapter3/Figs/spike_train_setup.png, id=1688, 598.527pt x 253.602pt>
File: Chapter3/Figs/spike_train_setup.png Graphic file (type png)
<use Chapter3/Figs/spike_train_setup.png>
Package pdftex.def Info: Chapter3/Figs/spike_train_setup.png  used on input lin
e 96.
(pdftex.def)             Requested size: 349.97023pt x 148.28885pt.

Underfull \hbox (badness 10000) in paragraph at lines 105--106

 []

[35 <./Chapter3/Figs/transimpedance_amplifier.png>]
Underfull \hbox (badness 10000) in paragraph at lines 111--112

 []

<Chapter3/Figs/electroforming_double_sweep.png, id=1703, 528.666pt x 372.081pt>

File: Chapter3/Figs/electroforming_double_sweep.png Graphic file (type png)
<use Chapter3/Figs/electroforming_double_sweep.png>
Package pdftex.def Info: Chapter3/Figs/electroforming_double_sweep.png  used on
 input line 115.
(pdftex.def)             Requested size: 262.47934pt x 184.7342pt.
[36 <./Chapter3/Figs/spike_train_setup.png>]
Underfull \hbox (badness 10000) in paragraph at lines 120--121

 []

<Chapter3/Figs/unipolar_nonvolatile_switching.png, id=1711, 421.794pt x 295.212
pt>
File: Chapter3/Figs/unipolar_nonvolatile_switching.png Graphic file (type png)
<use Chapter3/Figs/unipolar_nonvolatile_switching.png>
Package pdftex.def Info: Chapter3/Figs/unipolar_nonvolatile_switching.png  used
 on input line 124.
(pdftex.def)             Requested size: 262.47934pt x 183.70973pt.

Underfull \hbox (badness 10000) in paragraph at lines 129--130

 []


Underfull \hbox (badness 10000) in paragraph at lines 131--132

 []

<Chapter3/Figs/set_reset_sweeps.png, id=1717, 569.838pt x 401.427pt>
File: Chapter3/Figs/set_reset_sweeps.png Graphic file (type png)
<use Chapter3/Figs/set_reset_sweeps.png>
Package pdftex.def Info: Chapter3/Figs/set_reset_sweeps.png  used on input line
 135.
(pdftex.def)             Requested size: 262.47934pt x 184.90979pt.
[37 <./Chapter3/Figs/electroforming_double_sweep.png>]
Underfull \hbox (badness 10000) in paragraph at lines 140--141

 []

<Chapter3/Figs/unipolar_cycling_stress.png, id=1729, 580.41844pt x 426.09187pt>

File: Chapter3/Figs/unipolar_cycling_stress.png Graphic file (type png)
<use Chapter3/Figs/unipolar_cycling_stress.png>
Package pdftex.def Info: Chapter3/Figs/unipolar_cycling_stress.png  used on inp
ut line 144.
(pdftex.def)             Requested size: 262.47934pt x 192.6888pt.

Underfull \hbox (badness 10000) in paragraph at lines 149--150

 []

[38 <./Chapter3/Figs/unipolar_nonvolatile_switching.png> <./Chapter3/Figs/set_r
eset_sweeps.png>]
<Chapter3/Figs/unipolar_electrode_size.png, id=1741, 853.443pt x 315.141pt>
File: Chapter3/Figs/unipolar_electrode_size.png Graphic file (type png)
<use Chapter3/Figs/unipolar_electrode_size.png>
Package pdftex.def Info: Chapter3/Figs/unipolar_electrode_size.png  used on inp
ut line 153.
(pdftex.def)             Requested size: 437.46112pt x 161.53244pt.
 [39 <./Chapter3/Figs/unipolar_cycling_stress.png> <./Chapter3/Figs/unipolar_el
ectrode_size.png>]
<Chapter3/Figs/bipolar_electroforming.png, id=1754, 577.284pt x 406.902pt>
File: Chapter3/Figs/bipolar_electroforming.png Graphic file (type png)
<use Chapter3/Figs/bipolar_electroforming.png>
Package pdftex.def Info: Chapter3/Figs/bipolar_electroforming.png  used on inpu
t line 166.
(pdftex.def)             Requested size: 262.47934pt x 185.01031pt.

Underfull \hbox (badness 10000) in paragraph at lines 172--173

 []

<Chapter3/Figs/bipolar_switching_asymmetric.png, id=1756, 534.36pt x 374.709pt>

File: Chapter3/Figs/bipolar_switching_asymmetric.png Graphic file (type png)
<use Chapter3/Figs/bipolar_switching_asymmetric.png>
Package pdftex.def Info: Chapter3/Figs/bipolar_switching_asymmetric.png  used o
n input line 176.
(pdftex.def)             Requested size: 262.47934pt x 184.0607pt.

Underfull \hbox (badness 10000) in paragraph at lines 181--182

 []

<Chapter3/Figs/bipolar_cycling_stress.png, id=1760, 233.016pt x 469.536pt>
File: Chapter3/Figs/bipolar_cycling_stress.png Graphic file (type png)
<use Chapter3/Figs/bipolar_cycling_stress.png>
Package pdftex.def Info: Chapter3/Figs/bipolar_cycling_stress.png  used on inpu
t line 185.
(pdftex.def)             Requested size: 262.47934pt x 528.93597pt.

Underfull \hbox (badness 10000) in paragraph at lines 191--192

 []

[40 <./Chapter3/Figs/bipolar_electroforming.png>]
<Chapter3/Figs/bipolar_electrode_size.png, id=1781, 883.227pt x 320.178pt>
File: Chapter3/Figs/bipolar_electrode_size.png Graphic file (type png)
<use Chapter3/Figs/bipolar_electrode_size.png>
Package pdftex.def Info: Chapter3/Figs/bipolar_electrode_size.png  used on inpu
t line 198.
(pdftex.def)             Requested size: 437.46112pt x 158.58385pt.

Underfull \hbox (badness 10000) in paragraph at lines 205--206

 []

<Chapter3/Figs/multilevel_iv.png, id=1788, 963.6pt x 316.893pt>
File: Chapter3/Figs/multilevel_iv.png Graphic file (type png)
<use Chapter3/Figs/multilevel_iv.png>
Package pdftex.def Info: Chapter3/Figs/multilevel_iv.png  used on input line 21
0.
(pdftex.def)             Requested size: 437.46112pt x 143.86256pt.
<Chapter3/Figs/bipolar_conductance_modulation.png, id=1791, 644.4075pt x 462.22
687pt>
File: Chapter3/Figs/bipolar_conductance_modulation.png Graphic file (type png)
<use Chapter3/Figs/bipolar_conductance_modulation.png>
Package pdftex.def Info: Chapter3/Figs/bipolar_conductance_modulation.png  used
 on input line 218.
(pdftex.def)             Requested size: 306.22144pt x 219.65878pt.

Underfull \hbox (badness 10000) in paragraph at lines 223--224

 []

[41 <./Chapter3/Figs/bipolar_switching_asymmetric.png>] [42 <./Chapter3/Figs/bi
polar_cycling_stress.png>]
<Chapter3/Figs/resistive_state_transitions.png, id=1804, 898.776pt x 300.687pt>

File: Chapter3/Figs/resistive_state_transitions.png Graphic file (type png)
<use Chapter3/Figs/resistive_state_transitions.png>
Package pdftex.def Info: Chapter3/Figs/resistive_state_transitions.png  used on
 input line 228.
(pdftex.def)             Requested size: 437.46112pt x 146.35605pt.

Underfull \hbox (badness 10000) in paragraph at lines 234--235

 []

<Chapter3/Figs/volatile_constant_current.png, id=1806, 946.08pt x 357.627pt>
File: Chapter3/Figs/volatile_constant_current.png Graphic file (type png)
<use Chapter3/Figs/volatile_constant_current.png>
Package pdftex.def Info: Chapter3/Figs/volatile_constant_current.png  used on i
nput line 238.
(pdftex.def)             Requested size: 437.46112pt x 165.3617pt.
[43 <./Chapter3/Figs/bipolar_electrode_size.png> <./Chapter3/Figs/multilevel_iv
.png>]
Underfull \hbox (badness 10000) in paragraph at lines 247--248

 []

[44 <./Chapter3/Figs/bipolar_conductance_modulation.png> <./Chapter3/Figs/resis
tive_state_transitions.png>]
Underfull \hbox (badness 10000) in paragraph at lines 249--250

 []

<Chapter3/Figs/filamentary_interface_regions.png, id=1831, 867.24pt x 158.84344
pt>
File: Chapter3/Figs/filamentary_interface_regions.png Graphic file (type png)
<use Chapter3/Figs/filamentary_interface_regions.png>
Package pdftex.def Info: Chapter3/Figs/filamentary_interface_regions.png  used 
on input line 253.
(pdftex.def)             Requested size: 437.46112pt x 80.12683pt.

Underfull \hbox (badness 10000) in paragraph at lines 260--261

 []

[45 <./Chapter3/Figs/volatile_constant_current.png>]
<Chapter3/Figs/poole_frenkel_fit.png, id=1841, 675.834pt x 527.133pt>
File: Chapter3/Figs/poole_frenkel_fit.png Graphic file (type png)
<use Chapter3/Figs/poole_frenkel_fit.png>
Package pdftex.def Info: Chapter3/Figs/poole_frenkel_fit.png  used on input lin
e 264.
(pdftex.def)             Requested size: 349.97023pt x 272.96857pt.
<Chapter3/Figs/thermionic_emission_fit.png, id=1842, 638.166pt x 498.225pt>
File: Chapter3/Figs/thermionic_emission_fit.png Graphic file (type png)
<use Chapter3/Figs/thermionic_emission_fit.png>
Package pdftex.def Info: Chapter3/Figs/thermionic_emission_fit.png  used on inp
ut line 271.
(pdftex.def)             Requested size: 349.97023pt x 273.22635pt.
<Chapter3/Figs/trap_assisted_tunnelling_fit.png, id=1843, 651.744pt x 502.167pt
>
File: Chapter3/Figs/trap_assisted_tunnelling_fit.png Graphic file (type png)
<use Chapter3/Figs/trap_assisted_tunnelling_fit.png>
Package pdftex.def Info: Chapter3/Figs/trap_assisted_tunnelling_fit.png  used o
n input line 278.
(pdftex.def)             Requested size: 349.97023pt x 269.65665pt.

Underfull \hbox (badness 10000) in paragraph at lines 283--284

 []

[46 <./Chapter3/Figs/filamentary_interface_regions.png> <./Chapter3/Figs/poole_
frenkel_fit.png>] [47 <./Chapter3/Figs/thermionic_emission_fit.png> <./Chapter3
/Figs/trap_assisted_tunnelling_fit.png>]
Underfull \hbox (badness 10000) in paragraph at lines 304--305

 []

[48]
Underfull \hbox (badness 10000) in paragraph at lines 310--311

 []

<Chapter3/Figs/siox_switching_mechanism.png, id=1873, 521.439pt x 176.514pt>
File: Chapter3/Figs/siox_switching_mechanism.png Graphic file (type png)
<use Chapter3/Figs/siox_switching_mechanism.png>
Package pdftex.def Info: Chapter3/Figs/siox_switching_mechanism.png  used on in
put line 314.
(pdftex.def)             Requested size: 415.58672pt x 140.68079pt.

Underfull \hbox (badness 10000) in paragraph at lines 319--320

 []


Underfull \hbox (badness 10000) in paragraph at lines 321--322

 []

[49 <./Chapter3/Figs/siox_switching_mechanism.png>]
Underfull \hbox (badness 10000) in paragraph at lines 323--324

 []

<Chapter3/Figs/schematic_iv_curves.png, id=1887, 812.928pt x 362.664pt>
File: Chapter3/Figs/schematic_iv_curves.png Graphic file (type png)
<use Chapter3/Figs/schematic_iv_curves.png>
Package pdftex.def Info: Chapter3/Figs/schematic_iv_curves.png  used on input l
ine 327.
(pdftex.def)             Requested size: 437.46112pt x 195.16052pt.

Underfull \hbox (badness 10000) in paragraph at lines 332--333

 []

[50 <./Chapter3/Figs/schematic_iv_curves.png>]) [51]
\openout2 = `Chapter4/chapter4.aux'.

 (Chapter4/chapter4.tex
[52




]
Chapter 4.

Underfull \hbox (badness 10000) in paragraph at lines 7--8

 []


Underfull \hbox (badness 10000) in paragraph at lines 17--18

 []

[53]
<Chapter4/Figs/current_transient_illustration.png, id=1946, 371.5335pt x 240.46
2pt>
File: Chapter4/Figs/current_transient_illustration.png Graphic file (type png)
<use Chapter4/Figs/current_transient_illustration.png>
Package pdftex.def Info: Chapter4/Figs/current_transient_illustration.png  used
 on input line 21.
(pdftex.def)             Requested size: 306.22144pt x 198.18913pt.

Underfull \hbox (badness 10000) in paragraph at lines 26--27

 []


Underfull \hbox (badness 10000) in paragraph at lines 28--29

 []


Underfull \hbox (badness 10000) in paragraph at lines 30--31

 []

[54 <./Chapter4/Figs/current_transient_illustration.png>]
Underfull \hbox (badness 10000) in paragraph at lines 36--37

 []

[55]
Underfull \hbox (badness 10000) in paragraph at lines 54--55

 []

[56]
Underfull \hbox (badness 10000) in paragraph at lines 66--67

 []


Underfull \hbox (badness 10000) in paragraph at lines 78--79

 []

[57]
Underfull \hbox (badness 10000) in paragraph at lines 80--81

 []


Underfull \hbox (badness 10000) in paragraph at lines 82--83

 []


Underfull \hbox (badness 10000) in paragraph at lines 84--85

 []

[58]
Underfull \hbox (badness 10000) in paragraph at lines 86--87

 []

<Chapter4/Figs/transient_peak_identification.png, id=2052, 382.7025pt x 291.379
5pt>
File: Chapter4/Figs/transient_peak_identification.png Graphic file (type png)
<use Chapter4/Figs/transient_peak_identification.png>
Package pdftex.def Info: Chapter4/Figs/transient_peak_identification.png  used 
on input line 90.
(pdftex.def)             Requested size: 306.22144pt x 233.15726pt.

Underfull \hbox (badness 10000) in paragraph at lines 95--96

 []

[59 <./Chapter4/Figs/transient_peak_identification.png>]
Underfull \hbox (badness 10000) in paragraph at lines 97--98

 []

<Chapter4/Figs/transient_device_structure.png, id=2077, 362.007pt x 214.5105pt>

File: Chapter4/Figs/transient_device_structure.png Graphic file (type png)
<use Chapter4/Figs/transient_device_structure.png>
Package pdftex.def Info: Chapter4/Figs/transient_device_structure.png  used on 
input line 107.
(pdftex.def)             Requested size: 306.22144pt x 181.45428pt.

Underfull \hbox (badness 10000) in paragraph at lines 114--115

 []

[60]
Underfull \hbox (badness 10000) in paragraph at lines 116--117

 []


Underfull \hbox (badness 10000) in paragraph at lines 118--119

 []


Underfull \hbox (badness 10000) in paragraph at lines 122--123

 []


Underfull \hbox (badness 10000) in paragraph at lines 126--127

 []

[61 <./Chapter4/Figs/transient_device_structure.png>]
<Chapter4/Figs/stress_current_response.png, id=2091, 1787.67876pt x 1395.2125pt
>
File: Chapter4/Figs/stress_current_response.png Graphic file (type png)
<use Chapter4/Figs/stress_current_response.png>
Package pdftex.def Info: Chapter4/Figs/stress_current_response.png  used on inp
ut line 130.
(pdftex.def)             Requested size: 262.47934pt x 204.84468pt.

Underfull \hbox (badness 10000) in paragraph at lines 135--136

 []


Underfull \hbox (badness 10000) in paragraph at lines 141--142

 []

[62 <./Chapter4/Figs/stress_current_response.png>]
Underfull \hbox (badness 10000) in paragraph at lines 151--152

 []


Underfull \hbox (badness 10000) in paragraph at lines 153--154

 []

[63]
<Chapter4/Figs/subthreshold_voltage_dependence.png, id=2123, 1482.53876pt x 118
2.4175pt>
File: Chapter4/Figs/subthreshold_voltage_dependence.png Graphic file (type png)

<use Chapter4/Figs/subthreshold_voltage_dependence.png>
Package pdftex.def Info: Chapter4/Figs/subthreshold_voltage_dependence.png  use
d on input line 157.
(pdftex.def)             Requested size: 262.47934pt x 209.34381pt.

Underfull \hbox (badness 10000) in paragraph at lines 162--163

 []

<Chapter4/Figs/transient_repeatability.png, id=2128, 1494.58376pt x 1180.41pt>
File: Chapter4/Figs/transient_repeatability.png Graphic file (type png)
<use Chapter4/Figs/transient_repeatability.png>
Package pdftex.def Info: Chapter4/Figs/transient_repeatability.png  used on inp
ut line 167.
(pdftex.def)             Requested size: 262.47934pt x 207.2953pt.

Underfull \hbox (badness 10000) in paragraph at lines 172--173

 []

<Chapter4/Figs/spike_train_response.png, id=2134, 1450.41875pt x 1162.3425pt>
File: Chapter4/Figs/spike_train_response.png Graphic file (type png)
<use Chapter4/Figs/spike_train_response.png>
Package pdftex.def Info: Chapter4/Figs/spike_train_response.png  used on input 
line 177.
(pdftex.def)             Requested size: 262.47934pt x 210.34772pt.

Underfull \hbox (badness 10000) in paragraph at lines 182--183

 []

[64 <./Chapter4/Figs/subthreshold_voltage_dependence.png>] [65 <./Chapter4/Figs
/transient_repeatability.png> <./Chapter4/Figs/spike_train_response.png>]
Underfull \hbox (badness 10000) in paragraph at lines 184--185

 []

<Chapter4/Figs/pulse_amplitude_potentiation_depression.png, id=2155, 213.4374pt
 x 159.9576pt>
File: Chapter4/Figs/pulse_amplitude_potentiation_depression.png Graphic file (t
ype png)
<use Chapter4/Figs/pulse_amplitude_potentiation_depression.png>
Package pdftex.def Info: Chapter4/Figs/pulse_amplitude_potentiation_depression.
png  used on input line 188.
(pdftex.def)             Requested size: 262.47934pt x 196.73933pt.

Underfull \hbox (badness 10000) in paragraph at lines 193--194

 []

<Chapter4/Figs/depression_spike_train_amplitude.png, id=2161, 1586.92876pt x 13
35.99126pt>
File: Chapter4/Figs/depression_spike_train_amplitude.png Graphic file (type png
)
<use Chapter4/Figs/depression_spike_train_amplitude.png>
Package pdftex.def Info: Chapter4/Figs/depression_spike_train_amplitude.png  us
ed on input line 197.
(pdftex.def)             Requested size: 262.47934pt x 220.95908pt.

Underfull \hbox (badness 10000) in paragraph at lines 203--204

 []

[66 <./Chapter4/Figs/pulse_amplitude_potentiation_depression.png>]
<Chapter4/Figs/stress_magnitude_dependence.png, id=2171, 227.4096pt x 163.3302p
t>
File: Chapter4/Figs/stress_magnitude_dependence.png Graphic file (type png)
<use Chapter4/Figs/stress_magnitude_dependence.png>
Package pdftex.def Info: Chapter4/Figs/stress_magnitude_dependence.png  used on
 input line 207.
(pdftex.def)             Requested size: 262.47934pt x 188.5186pt.

Underfull \hbox (badness 10000) in paragraph at lines 212--213

 []

<Chapter4/Figs/interspike_interval_response.png, id=2174, 227.4096pt x 170.5572
pt>
File: Chapter4/Figs/interspike_interval_response.png Graphic file (type png)
<use Chapter4/Figs/interspike_interval_response.png>
Package pdftex.def Info: Chapter4/Figs/interspike_interval_response.png  used o
n input line 216.
(pdftex.def)             Requested size: 262.47934pt x 196.86014pt.
[67 <./Chapter4/Figs/depression_spike_train_amplitude.png>]
Underfull \hbox (badness 10000) in paragraph at lines 225--226

 []

[68 <./Chapter4/Figs/stress_magnitude_dependence.png> <./Chapter4/Figs/interspi
ke_interval_response.png>]
Underfull \hbox (badness 10000) in paragraph at lines 227--228

 []

<Chapter4/Figs/spike_frequency_response.png, id=2195, 948.54375pt x 416.55624pt
>
File: Chapter4/Figs/spike_frequency_response.png Graphic file (type png)
<use Chapter4/Figs/spike_frequency_response.png>
Package pdftex.def Info: Chapter4/Figs/spike_frequency_response.png  used on in
put line 231.
(pdftex.def)             Requested size: 437.46112pt x 192.11397pt.

Underfull \hbox (badness 10000) in paragraph at lines 236--237

 []

[69 <./Chapter4/Figs/spike_frequency_response.png>]
Underfull \hbox (badness 10000) in paragraph at lines 238--239

 []


Underfull \hbox (badness 10000) in paragraph at lines 240--241

 []


Underfull \hbox (badness 10000) in paragraph at lines 244--245

 []


Underfull \hbox (badness 10000) in paragraph at lines 246--247

 []

[70]
Underfull \hbox (badness 10000) in paragraph at lines 248--249

 []


Underfull \hbox (badness 10000) in paragraph at lines 250--251

 []


Underfull \hbox (badness 10000) in paragraph at lines 259--260

 []

[71]
Underfull \hbox (badness 10000) in paragraph at lines 261--262

 []


Underfull \hbox (badness 10000) in paragraph at lines 274--275

 []


Underfull \hbox (badness 10000) in paragraph at lines 276--277

 []

[72]
Underfull \hbox (badness 10000) in paragraph at lines 278--279

 []


Underfull \hbox (badness 10000) in paragraph at lines 280--281

 []


Underfull \hbox (badness 10000) in paragraph at lines 286--287

 []

[73]) [74]
\openout2 = `Chapter5/chapter5.aux'.

 (Chapter5/chapter5.tex
Chapter 5.

Underfull \hbox (badness 10000) in paragraph at lines 7--8

 []

[75




]
Underfull \hbox (badness 10000) in paragraph at lines 17--18

 []


Underfull \hbox (badness 10000) in paragraph at lines 34--35

 []

<Chapter5/Figs/ito_stress_response.png, id=2318, 396.7623pt x 281.6121pt>
File: Chapter5/Figs/ito_stress_response.png Graphic file (type png)
<use Chapter5/Figs/ito_stress_response.png>
Package pdftex.def Info: Chapter5/Figs/ito_stress_response.png  used on input l
ine 38.
(pdftex.def)             Requested size: 262.47934pt x 186.30286pt.

Underfull \hbox (badness 10000) in paragraph at lines 43--44

 []

[76]
<Chapter5/Figs/ito_iv_illumination.png, id=2331, 437.562pt x 288.7515pt>
File: Chapter5/Figs/ito_iv_illumination.png Graphic file (type png)
<use Chapter5/Figs/ito_iv_illumination.png>
Package pdftex.def Info: Chapter5/Figs/ito_iv_illumination.png  used on input l
ine 47.
(pdftex.def)             Requested size: 271.22375pt x 178.99323pt.

Underfull \hbox (badness 10000) in paragraph at lines 52--53

 []

[77 <./Chapter5/Figs/ito_stress_response.png> <./Chapter5/Figs/ito_iv_illuminat
ion.png>]
Underfull \hbox (badness 10000) in paragraph at lines 56--57

 []

<Chapter5/Figs/ito_optical_dispersion.png, id=2344, 397.485pt x 281.6121pt>
File: Chapter5/Figs/ito_optical_dispersion.png Graphic file (type png)
<use Chapter5/Figs/ito_optical_dispersion.png>
Package pdftex.def Info: Chapter5/Figs/ito_optical_dispersion.png  used on inpu
t line 60.
(pdftex.def)             Requested size: 262.47934pt x 185.9677pt.

Underfull \hbox (badness 10000) in paragraph at lines 65--66

 []

[78 <./Chapter5/Figs/ito_optical_dispersion.png>]
Underfull \hbox (badness 10000) in paragraph at lines 71--72

 []


Underfull \hbox (badness 10000) in paragraph at lines 74--75

 []

[79]
Underfull \hbox (badness 10000) in paragraph at lines 76--77

 []


Underfull \hbox (badness 10000) in paragraph at lines 78--79

 []


Underfull \hbox (badness 10000) in paragraph at lines 80--81

 []


Underfull \hbox (badness 10000) in paragraph at lines 82--83

 []


Underfull \hbox (badness 10000) in paragraph at lines 84--85

 []

[80]
Underfull \hbox (badness 10000) in paragraph at lines 89--91

 []


Underfull \hbox (badness 10000) in paragraph at lines 92--93

 []


Underfull \hbox (badness 10000) in paragraph at lines 94--95

 []


Underfull \hbox (badness 10000) in paragraph at lines 97--98

 []

<Chapter5/Figs/ito_current_time.png, id=2423, 405.6756pt x 281.6121pt>
File: Chapter5/Figs/ito_current_time.png Graphic file (type png)
<use Chapter5/Figs/ito_current_time.png>
Package pdftex.def Info: Chapter5/Figs/ito_current_time.png  used on input line
 101.
(pdftex.def)             Requested size: 262.47934pt x 182.21207pt.

Underfull \hbox (badness 10000) in paragraph at lines 106--107

 []

[81]
<Chapter5/Figs/ito_bias_instabilities.png, id=2441, 406.8801pt x 281.6121pt>
File: Chapter5/Figs/ito_bias_instabilities.png Graphic file (type png)
<use Chapter5/Figs/ito_bias_instabilities.png>
Package pdftex.def Info: Chapter5/Figs/ito_bias_instabilities.png  used on inpu
t line 110.
(pdftex.def)             Requested size: 262.47934pt x 181.66634pt.

Underfull \hbox (badness 10000) in paragraph at lines 116--117

 []

[82 <./Chapter5/Figs/ito_current_time.png>]
Underfull \hbox (badness 10000) in paragraph at lines 123--124

 []


Underfull \hbox (badness 10000) in paragraph at lines 128--129

 []

<Chapter5/Figs/xps_depth_profile_setup.png, id=2470, 496.0131pt x 442.2924pt>
File: Chapter5/Figs/xps_depth_profile_setup.png Graphic file (type png)
<use Chapter5/Figs/xps_depth_profile_setup.png>
Package pdftex.def Info: Chapter5/Figs/xps_depth_profile_setup.png  used on inp
ut line 132.
(pdftex.def)             Requested size: 218.73056pt x 195.04118pt.
[83 <./Chapter5/Figs/ito_bias_instabilities.png>]
Underfull \hbox (badness 10000) in paragraph at lines 147--148

 []

[84 <./Chapter5/Figs/xps_depth_profile_setup.png>]
<Chapter5/Figs/xps_survey_spectra.png, id=2499, 335.8146pt x 483.7272pt>
File: Chapter5/Figs/xps_survey_spectra.png Graphic file (type png)
<use Chapter5/Figs/xps_survey_spectra.png>
Package pdftex.def Info: Chapter5/Figs/xps_survey_spectra.png  used on input li
ne 151.
(pdftex.def)             Requested size: 253.72824pt x 365.48122pt.

Underfull \hbox (badness 10000) in paragraph at lines 156--157

 []

[85 <./Chapter5/Figs/xps_survey_spectra.png>]
<Chapter5/Figs/xps_core_level_extra.png, id=2509, 233.673pt x 249.5724pt>
File: Chapter5/Figs/xps_core_level_extra.png Graphic file (type png)
<use Chapter5/Figs/xps_core_level_extra.png>
Package pdftex.def Info: Chapter5/Figs/xps_core_level_extra.png  used on input 
line 160.
(pdftex.def)             Requested size: 328.09584pt x 350.4424pt.

Underfull \hbox (badness 10000) in paragraph at lines 165--166

 []

<Chapter5/Figs/xps_core_level_spectra.png, id=2518, 233.673pt x 378.213pt>
File: Chapter5/Figs/xps_core_level_spectra.png Graphic file (type png)
<use Chapter5/Figs/xps_core_level_spectra.png>
Package pdftex.def Info: Chapter5/Figs/xps_core_level_spectra.png  used on inpu
t line 169.
(pdftex.def)             Requested size: 227.48164pt x 368.18773pt.
[86 <./Chapter5/Figs/xps_core_level_extra.png>]
Underfull \hbox (badness 10000) in paragraph at lines 174--175

 []

<Chapter5/Figs/xps_o1s_quantification.png, id=2531, 320.8788pt x 425.4294pt>
File: Chapter5/Figs/xps_o1s_quantification.png Graphic file (type png)
<use Chapter5/Figs/xps_o1s_quantification.png>
Package pdftex.def Info: Chapter5/Figs/xps_o1s_quantification.png  used on inpu
t line 178.
(pdftex.def)             Requested size: 262.47934pt x 348.00397pt.

Underfull \hbox (badness 10000) in paragraph at lines 183--184

 []

[87 <./Chapter5/Figs/xps_core_level_spectra.png>]
<Chapter5/Figs/xps_binding_energy_shift.png, id=2538, 321.3606pt x 217.7736pt>
File: Chapter5/Figs/xps_binding_energy_shift.png Graphic file (type png)
<use Chapter5/Figs/xps_binding_energy_shift.png>
Package pdftex.def Info: Chapter5/Figs/xps_binding_energy_shift.png  used on in
put line 187.
(pdftex.def)             Requested size: 328.09584pt x 222.34875pt.
 [88 <./Chapter5/Figs/xps_o1s_quantification.png>]
Underfull \hbox (badness 10000) in paragraph at lines 196--197

 []


Underfull \hbox (badness 10000) in paragraph at lines 198--199

 []


Underfull \hbox (badness 10000) in paragraph at lines 200--201

 []

[89 <./Chapter5/Figs/xps_binding_energy_shift.png>]
Underfull \hbox (badness 10000) in paragraph at lines 209--211

 []


Underfull \hbox (badness 10000) in paragraph at lines 212--213

 []

<Chapter5/Figs/spice_empirical_model.png, id=2562, 384.0165pt x 486.18pt>
File: Chapter5/Figs/spice_empirical_model.png Graphic file (type png)
<use Chapter5/Figs/spice_empirical_model.png>
Package pdftex.def Info: Chapter5/Figs/spice_empirical_model.png  used on input
 line 216.
(pdftex.def)             Requested size: 250.31091pt x 316.89256pt.
[90]
Underfull \hbox (badness 10000) in paragraph at lines 224--226

 []

[91 <./Chapter5/Figs/spice_empirical_model.png>]
Underfull \hbox (badness 10000) in paragraph at lines 230--232

 []


Underfull \hbox (badness 10000) in paragraph at lines 233--234

 []

LaTeX Font Info:    Trying to load font information for T1+cmtt on input line 2
36.
(C:\Users\User\AppData\Local\Programs\MiKTeX\tex/latex/base\t1cmtt.fd
File: t1cmtt.fd 2023/04/13 v2.5m Standard LaTeX font definitions
)
Package microtype Info: Loading generic protrusion settings for font family
(microtype)             `cmtt' (encoding: T1).
(microtype)             For optimal results, create family-specific settings.
(microtype)             See the microtype manual for details.

Underfull \hbox (badness 10000) in paragraph at lines 236--237

 []


Underfull \hbox (badness 10000) in paragraph at lines 238--239

 []

[92]
LaTeX Font Info:    Font shape `OT1/ptm/bx/n' in size <10> not available
(Font)              Font shape `OT1/ptm/b/n' tried instead on input line 245.
LaTeX Font Info:    Font shape `OT1/ptm/bx/n' in size <7.4> not available
(Font)              Font shape `OT1/ptm/b/n' tried instead on input line 245.
LaTeX Font Info:    Font shape `OT1/ptm/bx/n' in size <6> not available
(Font)              Font shape `OT1/ptm/b/n' tried instead on input line 245.

Underfull \hbox (badness 10000) in paragraph at lines 262--264

 []


Underfull \hbox (badness 10000) in paragraph at lines 265--266

 []

[93]
Underfull \hbox (badness 10000) in paragraph at lines 269--270

 []


Underfull \hbox (badness 10000) in paragraph at lines 271--272

 []


Underfull \hbox (badness 10000) in paragraph at lines 273--274

 []

<Chapter5/Figs/spice_trap_cascade_model.png, id=2629, 562.392pt x 392.5575pt>
File: Chapter5/Figs/spice_trap_cascade_model.png Graphic file (type png)
<use Chapter5/Figs/spice_trap_cascade_model.png>
Package pdftex.def Info: Chapter5/Figs/spice_trap_cascade_model.png  used on in
put line 277.
(pdftex.def)             Requested size: 358.72131pt x 250.39734pt.
[94]
Underfull \hbox (badness 10000) in paragraph at lines 286--288

 []

<Chapter5/Figs/dispersive_meta_parameters.png, id=2646, 646.488pt x 281.5245pt>

File: Chapter5/Figs/dispersive_meta_parameters.png Graphic file (type png)
<use Chapter5/Figs/dispersive_meta_parameters.png>
Package pdftex.def Info: Chapter5/Figs/dispersive_meta_parameters.png  used on 
input line 291.
(pdftex.def)             Requested size: 415.58672pt x 180.97835pt.
[95 <./Chapter5/Figs/spice_trap_cascade_model.png>]
Underfull \hbox (badness 10000) in paragraph at lines 300--302

 []


Underfull \hbox (badness 10000) in paragraph at lines 319--320

 []

<Chapter5/Figs/dispersive_model_vs_measured.png, id=2668, 469.755pt x 303.2055p
t>
File: Chapter5/Figs/dispersive_model_vs_measured.png Graphic file (type png)
<use Chapter5/Figs/dispersive_model_vs_measured.png>
Package pdftex.def Info: Chapter5/Figs/dispersive_model_vs_measured.png  used o
n input line 323.
(pdftex.def)             Requested size: 314.97253pt x 203.2993pt.
[96 <./Chapter5/Figs/dispersive_meta_parameters.png>]
Underfull \hbox (badness 10000) in paragraph at lines 328--329

 []


Underfull \hbox (badness 10000) in paragraph at lines 330--331

 []

[97 <./Chapter5/Figs/dispersive_model_vs_measured.png>]
<Chapter5/Figs/rate_habituation_reproduction.png, id=2689, 499.977pt x 352.809p
t>
File: Chapter5/Figs/rate_habituation_reproduction.png Graphic file (type png)
<use Chapter5/Figs/rate_habituation_reproduction.png>
Package pdftex.def Info: Chapter5/Figs/rate_habituation_reproduction.png  used 
on input line 334.
(pdftex.def)             Requested size: 371.84462pt x 262.39351pt.

Underfull \hbox (badness 10000) in paragraph at lines 343--344

 []

[98 <./Chapter5/Figs/rate_habituation_reproduction.png>]
Underfull \hbox (badness 10000) in paragraph at lines 345--346

 []


Underfull \hbox (badness 10000) in paragraph at lines 350--352

 []


Underfull \hbox (badness 10000) in paragraph at lines 353--354

 []

[99]
Underfull \hbox (badness 10000) in paragraph at lines 362--364

 []


Underfull \hbox (badness 10000) in paragraph at lines 365--366

 []


Underfull \hbox (badness 10000) in paragraph at lines 367--368

 []

[100]
<Chapter5/Figs/ito_tau_field_dependence.png, id=2741, 693.792pt x 289.08pt>
File: Chapter5/Figs/ito_tau_field_dependence.png Graphic file (type png)
<use Chapter5/Figs/ito_tau_field_dependence.png>
Package pdftex.def Info: Chapter5/Figs/ito_tau_field_dependence.png  used on in
put line 371.
(pdftex.def)             Requested size: 437.46112pt x 182.27574pt.

Underfull \hbox (badness 10000) in paragraph at lines 376--377

 []

<Chapter5/Figs/dispersive_trap_kinetics.png, id=2756, 794.97pt x 462.528pt>
File: Chapter5/Figs/dispersive_trap_kinetics.png Graphic file (type png)
<use Chapter5/Figs/dispersive_trap_kinetics.png>
Package pdftex.def Info: Chapter5/Figs/dispersive_trap_kinetics.png  used on in
put line 397.
(pdftex.def)             Requested size: 437.46112pt x 254.53233pt.
<Chapter5/Figs/ito_dispersive_relaxation_semilog.png, id=2761, 455.6295pt x 311
.7465pt>
File: Chapter5/Figs/ito_dispersive_relaxation_semilog.png Graphic file (type pn
g)
<use Chapter5/Figs/ito_dispersive_relaxation_semilog.png>
Package pdftex.def Info: Chapter5/Figs/ito_dispersive_relaxation_semilog.png  u
sed on input line 406.
(pdftex.def)             Requested size: 214.35834pt x 146.66357pt.
<Chapter5/Figs/ito_dispersive_relaxation_linear.png, id=2762, 455.6295pt x 311.
7465pt>
File: Chapter5/Figs/ito_dispersive_relaxation_linear.png Graphic file (type png
)
<use Chapter5/Figs/ito_dispersive_relaxation_linear.png>
Package pdftex.def Info: Chapter5/Figs/ito_dispersive_relaxation_linear.png  us
ed on input line 412.
(pdftex.def)             Requested size: 214.35834pt x 146.66357pt.
[101 <./Chapter5/Figs/ito_tau_field_dependence.png>] [102 <./Chapter5/Figs/disp
ersive_trap_kinetics.png>]
Underfull \hbox (badness 10000) in paragraph at lines 431--433

 []

[103 <./Chapter5/Figs/ito_dispersive_relaxation_semilog.png> <./Chapter5/Figs/i
to_dispersive_relaxation_linear.png>]
Underfull \hbox (badness 10000) in paragraph at lines 437--439

 []

<Chapter5/Figs/ito_fill_emission_separation.png, id=2800, 621.522pt x 252.945pt
>
File: Chapter5/Figs/ito_fill_emission_separation.png Graphic file (type png)
<use Chapter5/Figs/ito_fill_emission_separation.png>
Package pdftex.def Info: Chapter5/Figs/ito_fill_emission_separation.png  used o
n input line 442.
(pdftex.def)             Requested size: 402.46342pt x 163.79861pt.

Underfull \hbox (badness 10000) in paragraph at lines 447--448

 []

[104]
<Chapter5/Figs/ito_field_free_discharge.png, id=2825, 448.074pt x 310.761pt>
File: Chapter5/Figs/ito_field_free_discharge.png Graphic file (type png)
<use Chapter5/Figs/ito_field_free_discharge.png>
Package pdftex.def Info: Chapter5/Figs/ito_field_free_discharge.png  used on in
put line 451.
(pdftex.def)             Requested size: 314.97253pt x 218.45113pt.

Underfull \hbox (badness 10000) in paragraph at lines 456--457

 []

[105 <./Chapter5/Figs/ito_fill_emission_separation.png>]
<Chapter5/Figs/short_term_memory_relaxation.png, id=2837, 450.2421pt x 306.6657
pt>
File: Chapter5/Figs/short_term_memory_relaxation.png Graphic file (type png)
<use Chapter5/Figs/short_term_memory_relaxation.png>
Package pdftex.def Info: Chapter5/Figs/short_term_memory_relaxation.png  used o
n input line 460.
(pdftex.def)             Requested size: 371.84462pt x 253.27838pt.

Underfull \hbox (badness 10000) in paragraph at lines 465--466

 []


Underfull \hbox (badness 10000) in paragraph at lines 471--472

 []

[106 <./Chapter5/Figs/ito_field_free_discharge.png>]) [107 <./Chapter5/Figs/sho
rt_term_memory_relaxation.png>] [108]
\openout2 = `Chapter6/chapter6.aux'.

 (Chapter6/chapter6.tex
Chapter 6.

Underfull \hbox (badness 10000) in paragraph at lines 8--9

 []

[109




]
Underfull \hbox (badness 10000) in paragraph at lines 18--19

 []

<Chapter6/Figs/synaptic_postsynaptic_potentials.png, id=2897, 752.265pt x 322.8
06pt>
File: Chapter6/Figs/synaptic_postsynaptic_potentials.png Graphic file (type png
)
<use Chapter6/Figs/synaptic_postsynaptic_potentials.png>
Package pdftex.def Info: Chapter6/Figs/synaptic_postsynaptic_potentials.png  us
ed on input line 22.
(pdftex.def)             Requested size: 306.22144pt x 131.4056pt.
<Chapter6/Figs/memristor_cmos_stdp_architecture.png, id=2900, 813.2784pt x 420.
1296pt>
File: Chapter6/Figs/memristor_cmos_stdp_architecture.png Graphic file (type png
)
<use Chapter6/Figs/memristor_cmos_stdp_architecture.png>
Package pdftex.def Info: Chapter6/Figs/memristor_cmos_stdp_architecture.png  us
ed on input line 29.
(pdftex.def)             Requested size: 306.22144pt x 158.18927pt.
[110 <./Chapter6/Figs/synaptic_postsynaptic_potentials.png>]
<Chapter6/Figs/snn_schematic.png, id=2923, 847.4862pt x 417.9615pt>
File: Chapter6/Figs/snn_schematic.png Graphic file (type png)
<use Chapter6/Figs/snn_schematic.png>
Package pdftex.def Info: Chapter6/Figs/snn_schematic.png  used on input line 43
.
(pdftex.def)             Requested size: 415.58672pt x 204.95598pt.
 [111 <./Chapter6/Figs/memristor_cmos_stdp_architecture.png>]
Underfull \hbox (badness 10000) in paragraph at lines 62--64

 []


Underfull \hbox (badness 10000) in paragraph at lines 67--68

 []

[112 <./Chapter6/Figs/snn_schematic.png>]
Underfull \hbox (badness 10000) in paragraph at lines 74--75

 []

[113]
Underfull \hbox (badness 10000) in paragraph at lines 92--93

 []


Underfull \hbox (badness 10000) in paragraph at lines 94--95

 []

<Chapter6/Figs/memristor_synapse_placement.png, id=3000, 370.986pt x 144.54pt>
File: Chapter6/Figs/memristor_synapse_placement.png Graphic file (type png)
<use Chapter6/Figs/memristor_synapse_placement.png>
Package pdftex.def Info: Chapter6/Figs/memristor_synapse_placement.png  used on
 input line 98.
(pdftex.def)             Requested size: 218.73056pt x 85.21829pt.

Underfull \hbox (badness 10000) in paragraph at lines 103--104

 []

[114 <./Chapter6/Figs/memristor_synapse_placement.png>]
Underfull \hbox (badness 10000) in paragraph at lines 115--116

 []


Underfull \hbox (badness 10000) in paragraph at lines 126--127

 []


Underfull \hbox (badness 10000) in paragraph at lines 128--129

 []

[115]
Underfull \hbox (badness 10000) in paragraph at lines 144--145

 []

[116]
<Chapter6/Figs/rram_crossbar_snn_layer.png, id=3075, 773.289pt x 572.3784pt>
File: Chapter6/Figs/rram_crossbar_snn_layer.png Graphic file (type png)
<use Chapter6/Figs/rram_crossbar_snn_layer.png>
Package pdftex.def Info: Chapter6/Figs/rram_crossbar_snn_layer.png  used on inp
ut line 149.
(pdftex.def)             Requested size: 306.22144pt x 226.65904pt.
 [117 <./Chapter6/Figs/rram_crossbar_snn_layer.png>]
Underfull \hbox (badness 10000) in paragraph at lines 186--187

 []

[118]
Underfull \hbox (badness 10000) in paragraph at lines 188--189

 []


Underfull \hbox (badness 10000) in paragraph at lines 190--191

 []


Underfull \hbox (badness 10000) in paragraph at lines 192--193

 []


Underfull \hbox (badness 10000) in paragraph at lines 194--195

 []

[119]
Underfull \hbox (badness 10000) in paragraph at lines 196--197

 []

<Chapter6/Figs/siox_resistance_states.png, id=3178, 525.4029pt x 310.0383pt>
File: Chapter6/Figs/siox_resistance_states.png Graphic file (type png)
<use Chapter6/Figs/siox_resistance_states.png>
Package pdftex.def Info: Chapter6/Figs/siox_resistance_states.png  used on inpu
t line 200.
(pdftex.def)             Requested size: 437.46112pt x 258.15488pt.
[120 <./Chapter6/Figs/siox_resistance_states.png>] [121]
Underfull \hbox (badness 10000) in paragraph at lines 244--245

 []

[122]
Underfull \hbox (badness 10000) in paragraph at lines 260--261

 []

<Chapter6/Figs/siox_iv_regions.png, id=3234, 483.2454pt x 225.4824pt>
File: Chapter6/Figs/siox_iv_regions.png Graphic file (type png)
<use Chapter6/Figs/siox_iv_regions.png>
Package pdftex.def Info: Chapter6/Figs/siox_iv_regions.png  used on input line 
264.
(pdftex.def)             Requested size: 437.46112pt x 204.1296pt.

Underfull \hbox (badness 10000) in paragraph at lines 269--270

 []


Underfull \hbox (badness 10000) in paragraph at lines 271--272

 []


Underfull \hbox (badness 10000) in paragraph at lines 273--274

 []

[123]
Underfull \hbox (badness 10000) in paragraph at lines 280--281

 []

[124 <./Chapter6/Figs/siox_iv_regions.png>]
Underfull \hbox (badness 10000) in paragraph at lines 287--288

 []


Underfull \hbox (badness 10000) in paragraph at lines 289--290

 []


Underfull \hbox (badness 10000) in paragraph at lines 291--292

 []

[125]
Underfull \hbox (badness 10000) in paragraph at lines 293--294

 []


Underfull \hbox (badness 10000) in paragraph at lines 295--296

 []


Underfull \hbox (badness 10000) in paragraph at lines 297--298

 []

[126]
<Chapter6/Figs/msnn_mnist_architecture.png, id=3296, 396.2805pt x 220.6644pt>
File: Chapter6/Figs/msnn_mnist_architecture.png Graphic file (type png)
<use Chapter6/Figs/msnn_mnist_architecture.png>
Package pdftex.def Info: Chapter6/Figs/msnn_mnist_architecture.png  used on inp
ut line 310.
(pdftex.def)             Requested size: 328.09584pt x 182.70694pt.

Underfull \hbox (badness 10000) in paragraph at lines 316--317

 []


Underfull \hbox (badness 10000) in paragraph at lines 318--319

 []

[127 <./Chapter6/Figs/msnn_mnist_architecture.png>]
Underfull \hbox (badness 10000) in paragraph at lines 320--321

 []


Underfull \hbox (badness 10000) in paragraph at lines 325--327

 []


Underfull \hbox (badness 10000) in paragraph at lines 328--329

 []


Underfull \hbox (badness 10000) in paragraph at lines 330--331

 []

[128]
<Chapter6/Figs/msnn_loss_accuracy.png, id=3333, 524.9211pt x 222.8325pt>
File: Chapter6/Figs/msnn_loss_accuracy.png Graphic file (type png)
<use Chapter6/Figs/msnn_loss_accuracy.png>
Package pdftex.def Info: Chapter6/Figs/msnn_loss_accuracy.png  used on input li
ne 334.
(pdftex.def)             Requested size: 393.71233pt x 167.13756pt.

Underfull \hbox (badness 10000) in paragraph at lines 339--340

 []


Underfull \hbox (badness 10000) in paragraph at lines 341--342

 []

<Chapter6/Figs/mcsnn_loss_accuracy.png, id=3338, 524.1984pt x 222.8325pt>
File: Chapter6/Figs/mcsnn_loss_accuracy.png Graphic file (type png)
<use Chapter6/Figs/mcsnn_loss_accuracy.png>
Package pdftex.def Info: Chapter6/Figs/mcsnn_loss_accuracy.png  used on input l
ine 345.
(pdftex.def)             Requested size: 393.71233pt x 167.36537pt.

Underfull \hbox (badness 10000) in paragraph at lines 350--351

 []

[129 <./Chapter6/Figs/msnn_loss_accuracy.png>]
Underfull \hbox (badness 10000) in paragraph at lines 366--367

 []


Underfull \hbox (badness 10000) in paragraph at lines 368--369

 []

[130 <./Chapter6/Figs/mcsnn_loss_accuracy.png>]
Underfull \hbox (badness 10000) in paragraph at lines 370--371

 []


Underfull \hbox (badness 10000) in paragraph at lines 390--391

 []

[131]
Underfull \hbox (badness 10000) in paragraph at lines 400--402

 []


Underfull \hbox (badness 10000) in paragraph at lines 406--408

 []

[132]
Underfull \hbox (badness 10000) in paragraph at lines 418--419

 []

<Chapter6/Figs/homeostatic_regulariser_architecture.png, id=3432, 1802.735pt x 
913.4125pt>
File: Chapter6/Figs/homeostatic_regulariser_architecture.png Graphic file (type
 png)
<use Chapter6/Figs/homeostatic_regulariser_architecture.png>
Package pdftex.def Info: Chapter6/Figs/homeostatic_regulariser_architecture.png
  used on input line 421.
(pdftex.def)             Requested size: 415.58672pt x 210.56827pt.

Underfull \hbox (badness 10000) in paragraph at lines 426--427

 []

<Chapter6/Figs/homeostatic_feature_maps.png, id=3439, 714.7503pt x 354.123pt>
File: Chapter6/Figs/homeostatic_feature_maps.png Graphic file (type png)
<use Chapter6/Figs/homeostatic_feature_maps.png>
Package pdftex.def Info: Chapter6/Figs/homeostatic_feature_maps.png  used on in
put line 429.
(pdftex.def)             Requested size: 349.97023pt x 173.39749pt.
[133]
Underfull \hbox (badness 10000) in paragraph at lines 434--435

 []

[134 <./Chapter6/Figs/homeostatic_regulariser_architecture.png (PNG copy)> <./C
hapter6/Figs/homeostatic_feature_maps.png>]
<Chapter6/Figs/homeostatic_architecture_dependence.png, id=3458, 404.712pt x 28
9.08pt>
File: Chapter6/Figs/homeostatic_architecture_dependence.png Graphic file (type 
png)
<use Chapter6/Figs/homeostatic_architecture_dependence.png>
Package pdftex.def Info: Chapter6/Figs/homeostatic_architecture_dependence.png 
 used on input line 437.
(pdftex.def)             Requested size: 349.97023pt x 249.989pt.
 [135 <./Chapter6/Figs/homeostatic_architecture_dependence.png>] [136]
Underfull \hbox (badness 10000) in paragraph at lines 476--478

 []

<Chapter6/Figs/device_temporal_network_architecture.png, id=3484, 733.5405pt x 
497.57895pt>
File: Chapter6/Figs/device_temporal_network_architecture.png Graphic file (type
 png)
<use Chapter6/Figs/device_temporal_network_architecture.png>
Package pdftex.def Info: Chapter6/Figs/device_temporal_network_architecture.png
  used on input line 480.
(pdftex.def)             Requested size: 437.46112pt x 296.74266pt.
[137 <./Chapter6/Figs/device_temporal_network_architecture.png>]
Underfull \hbox (badness 10000) in paragraph at lines 491--493

 []

<Chapter6/Figs/working_memory_hold_time.png, id=3505, 785.93625pt x 322.68555pt
>
File: Chapter6/Figs/working_memory_hold_time.png Graphic file (type png)
<use Chapter6/Figs/working_memory_hold_time.png>
Package pdftex.def Info: Chapter6/Figs/working_memory_hold_time.png  used on in
put line 495.
(pdftex.def)             Requested size: 437.46112pt x 179.61452pt.

Underfull \hbox (badness 10000) in paragraph at lines 503--505

 []

[138]
<Chapter6/Figs/store_recall_working_memory.png, id=3526, 527.571pt x 753.41475p
t>
File: Chapter6/Figs/store_recall_working_memory.png Graphic file (type png)
<use Chapter6/Figs/store_recall_working_memory.png>
Package pdftex.def Info: Chapter6/Figs/store_recall_working_memory.png  used on
 input line 507.
(pdftex.def)             Requested size: 314.97253pt x 449.8106pt.
LaTeX Font Info:    Font shape `OT1/ptm/bx/n' in size <10.95> not available
(Font)              Font shape `OT1/ptm/b/n' tried instead on input line 518.
LaTeX Font Info:    Font shape `OT1/ptm/bx/n' in size <8> not available
(Font)              Font shape `OT1/ptm/b/n' tried instead on input line 518.
 [139 <./Chapter6/Figs/working_memory_hold_time.png>] [140 <./Chapter6/Figs/sto
re_recall_working_memory.png>]
Underfull \hbox (badness 10000) in paragraph at lines 597--598

 []

[141]
<Chapter6/Figs/temporal_network_benchmark.png, id=3585, 433.62pt x 289.08pt>
File: Chapter6/Figs/temporal_network_benchmark.png Graphic file (type png)
<use Chapter6/Figs/temporal_network_benchmark.png>
Package pdftex.def Info: Chapter6/Figs/temporal_network_benchmark.png  used on 
input line 618.
(pdftex.def)             Requested size: 306.22144pt x 204.1587pt.

Underfull \hbox (badness 10000) in paragraph at lines 623--624

 []

[142]
Underfull \hbox (badness 10000) in paragraph at lines 625--626

 []

<Chapter6/Figs/nmnist_class_separability.png, id=3609, 607.068pt x 823.878pt>
File: Chapter6/Figs/nmnist_class_separability.png Graphic file (type png)
<use Chapter6/Figs/nmnist_class_separability.png>
Package pdftex.def Info: Chapter6/Figs/nmnist_class_separability.png  used on i
nput line 628.
(pdftex.def)             Requested size: 393.71233pt x 534.32008pt.

Underfull \hbox (badness 10000) in paragraph at lines 635--636

 []

[143 <./Chapter6/Figs/temporal_network_benchmark.png>] [144 <./Chapter6/Figs/nm
nist_class_separability.png>]
Underfull \hbox (badness 10000) in paragraph at lines 637--638

 []

) [145]
\openout2 = `Chapter7/chapter7.aux'.

 (Chapter7/chapter7.tex [146




]
Chapter 7.

Underfull \hbox (badness 10000) in paragraph at lines 8--9

 []


Underfull \hbox (badness 10000) in paragraph at lines 10--11

 []

[147]
Underfull \hbox (badness 10000) in paragraph at lines 22--23

 []


Underfull \hbox (badness 10000) in paragraph at lines 29--31

 []

[148]
Underfull \hbox (badness 10000) in paragraph at lines 35--37

 []


Underfull \hbox (badness 10000) in paragraph at lines 38--39

 []

<Chapter7/Figs/eligibility_trace_electron_schematic.png, id=3690, 722.7pt x 520
.344pt>
File: Chapter7/Figs/eligibility_trace_electron_schematic.png Graphic file (type
 png)
<use Chapter7/Figs/eligibility_trace_electron_schematic.png>
Package pdftex.def Info: Chapter7/Figs/eligibility_trace_electron_schematic.png
  used on input line 41.
(pdftex.def)             Requested size: 437.46112pt x 314.97185pt.

Underfull \hbox (badness 10000) in paragraph at lines 46--47

 []

[149]
Underfull \hbox (badness 10000) in paragraph at lines 48--49

 []

<Chapter7/Figs/tag_capture_translation_map.png, id=3711, 794.97pt x 968.418pt>
File: Chapter7/Figs/tag_capture_translation_map.png Graphic file (type png)
<use Chapter7/Figs/tag_capture_translation_map.png>
Package pdftex.def Info: Chapter7/Figs/tag_capture_translation_map.png  used on
 input line 51.
(pdftex.def)             Requested size: 376.21683pt x 458.30399pt.
[150 <./Chapter7/Figs/eligibility_trace_electron_schematic.png>]
Underfull \hbox (badness 10000) in paragraph at lines 56--57

 []


Underfull \hbox (badness 10000) in paragraph at lines 58--59

 []


Underfull \hbox (badness 10000) in paragraph at lines 60--61

 []

[151] [152 <./Chapter7/Figs/tag_capture_translation_map.png>]
Underfull \hbox (badness 10000) in paragraph at lines 73--75

 []


Underfull \hbox (badness 10000) in paragraph at lines 76--77

 []

<Chapter7/Figs/retention_tunable_trace.png, id=3755, 303.534pt x 216.81pt>
File: Chapter7/Figs/retention_tunable_trace.png Graphic file (type png)
<use Chapter7/Figs/retention_tunable_trace.png>
Package pdftex.def Info: Chapter7/Figs/retention_tunable_trace.png  used on inp
ut line 79.
(pdftex.def)             Requested size: 341.21913pt x 243.72868pt.

Underfull \hbox (badness 10000) in paragraph at lines 84--85

 []

[153]
Underfull \hbox (badness 10000) in paragraph at lines 86--87

 []

<Chapter7/Figs/device_biology_timescales.png, id=3776, 515.0442pt x 210.3057pt>

File: Chapter7/Figs/device_biology_timescales.png Graphic file (type png)
<use Chapter7/Figs/device_biology_timescales.png>
Package pdftex.def Info: Chapter7/Figs/device_biology_timescales.png  used on i
nput line 91.
(pdftex.def)             Requested size: 402.46342pt x 164.33942pt.
[154 <./Chapter7/Figs/retention_tunable_trace.png>]
Underfull \hbox (badness 10000) in paragraph at lines 102--104

 []

[155 <./Chapter7/Figs/device_biology_timescales.png>]
Underfull \hbox (badness 10000) in paragraph at lines 108--110

 []

<Chapter7/Figs/three_factor_architecture.png, id=3810, 758.1123pt x 306.9066pt>

File: Chapter7/Figs/three_factor_architecture.png Graphic file (type png)
<use Chapter7/Figs/three_factor_architecture.png>
Package pdftex.def Info: Chapter7/Figs/three_factor_architecture.png  used on i
nput line 118.
(pdftex.def)             Requested size: 402.46342pt x 162.93132pt.
[156 <./Chapter7/Figs/three_factor_architecture.png>]
<Chapter7/Figs/credit_window_vs_retention.png, id=3827, 245.718pt x 202.356pt>
File: Chapter7/Figs/credit_window_vs_retention.png Graphic file (type png)
<use Chapter7/Figs/credit_window_vs_retention.png>
Package pdftex.def Info: Chapter7/Figs/credit_window_vs_retention.png  used on 
input line 132.
(pdftex.def)             Requested size: 262.47934pt x 216.1853pt.

Underfull \hbox (badness 10000) in paragraph at lines 137--138

 []

[157 <./Chapter7/Figs/credit_window_vs_retention.png>]
<Chapter7/Figs/interval_selective_eligibility.png, id=3835, 520.344pt x 216.81p
t>
File: Chapter7/Figs/interval_selective_eligibility.png Graphic file (type png)
<use Chapter7/Figs/interval_selective_eligibility.png>
Package pdftex.def Info: Chapter7/Figs/interval_selective_eligibility.png  used
 on input line 140.
(pdftex.def)             Requested size: 402.46342pt x 167.7018pt.

Underfull \hbox (badness 10000) in paragraph at lines 145--146

 []


Underfull \hbox (badness 10000) in paragraph at lines 147--148

 []

[158 <./Chapter7/Figs/interval_selective_eligibility.png>]
Underfull \hbox (badness 10000) in paragraph at lines 149--150

 []


Underfull \hbox (badness 10000) in paragraph at lines 151--152

 []

<Chapter7/Figs/spiking_network_credit.png, id=3853, 245.718pt x 202.356pt>
File: Chapter7/Figs/spiking_network_credit.png Graphic file (type png)
<use Chapter7/Figs/spiking_network_credit.png>
Package pdftex.def Info: Chapter7/Figs/spiking_network_credit.png  used on inpu
t line 154.
(pdftex.def)             Requested size: 262.47934pt x 216.1853pt.

Underfull \hbox (badness 10000) in paragraph at lines 159--160

 []


Underfull \hbox (badness 10000) in paragraph at lines 161--162

 []

<Chapter7/Figs/closed_loop_learning_curve.png, id=3860, 245.718pt x 195.129pt>
File: Chapter7/Figs/closed_loop_learning_curve.png Graphic file (type png)
<use Chapter7/Figs/closed_loop_learning_curve.png>
Package pdftex.def Info: Chapter7/Figs/closed_loop_learning_curve.png  used on 
input line 164.
(pdftex.def)             Requested size: 262.47934pt x 208.46439pt.
[159] [160 <./Chapter7/Figs/spiking_network_credit.png> <./Chapter7/Figs/closed
_loop_learning_curve.png>]
<Chapter7/Figs/sequential_credit_benchmark.png, id=3873, 520.344pt x 216.81pt>
File: Chapter7/Figs/sequential_credit_benchmark.png Graphic file (type png)
<use Chapter7/Figs/sequential_credit_benchmark.png>
Package pdftex.def Info: Chapter7/Figs/sequential_credit_benchmark.png  used on
 input line 175.
(pdftex.def)             Requested size: 402.46342pt x 167.7018pt.

Underfull \hbox (badness 10000) in paragraph at lines 180--181

 []


Underfull \hbox (badness 10000) in paragraph at lines 182--183

 []

[161 <./Chapter7/Figs/sequential_credit_benchmark.png>]
Underfull \hbox (badness 10000) in paragraph at lines 184--185

 []


Underfull \hbox (badness 10000) in paragraph at lines 186--187

 []


Underfull \hbox (badness 10000) in paragraph at lines 188--189

 []


Underfull \hbox (badness 10000) in paragraph at lines 190--191

 []

[162]
<Chapter7/Figs/closed_loop_crossbar.png, id=3906, 712.3413pt x 300.1614pt>
File: Chapter7/Figs/closed_loop_crossbar.png Graphic file (type png)
<use Chapter7/Figs/closed_loop_crossbar.png>
Package pdftex.def Info: Chapter7/Figs/closed_loop_crossbar.png  used on input 
line 221.
(pdftex.def)             Requested size: 402.46342pt x 169.59149pt.
 [163]
Underfull \hbox (badness 10000) in paragraph at lines 229--231

 []

[164 <./Chapter7/Figs/closed_loop_crossbar.png>]
Underfull \hbox (badness 10000) in paragraph at lines 239--241

 []


Underfull \hbox (badness 10000) in paragraph at lines 242--243

 []

<Chapter7/Figs/closed_loop_scaling_remedies.png, id=3929, 512.6352pt x 215.3646
pt>
File: Chapter7/Figs/closed_loop_scaling_remedies.png Graphic file (type png)
<use Chapter7/Figs/closed_loop_scaling_remedies.png>
Package pdftex.def Info: Chapter7/Figs/closed_loop_scaling_remedies.png  used o
n input line 245.
(pdftex.def)             Requested size: 402.46342pt x 169.08128pt.

Underfull \hbox (badness 10000) in paragraph at lines 250--251

 []

[165 <./Chapter7/Figs/closed_loop_scaling_remedies.png>]
Underfull \hbox (badness 10000) in paragraph at lines 252--253

 []

<Chapter7/Figs/hybrid_perception_decision.png, id=3940, 507.8172pt x 209.583pt>

File: Chapter7/Figs/hybrid_perception_decision.png Graphic file (type png)
<use Chapter7/Figs/hybrid_perception_decision.png>
Package pdftex.def Info: Chapter7/Figs/hybrid_perception_decision.png  used on 
input line 255.
(pdftex.def)             Requested size: 402.46342pt x 166.1028pt.

Underfull \hbox (badness 10000) in paragraph at lines 260--261

 []

[166 <./Chapter7/Figs/hybrid_perception_decision.png>]
Underfull \hbox (badness 10000) in paragraph at lines 262--263

 []


Underfull \hbox (badness 10000) in paragraph at lines 281--282

 []

[167]
Underfull \hbox (badness 10000) in paragraph at lines 283--284

 []

<Chapter7/Figs/hybrid_array_scale_faults.png, id=3959, 462.528pt x 289.08pt>
File: Chapter7/Figs/hybrid_array_scale_faults.png Graphic file (type png)
<use Chapter7/Figs/hybrid_array_scale_faults.png>
Package pdftex.def Info: Chapter7/Figs/hybrid_array_scale_faults.png  used on i
nput line 286.
(pdftex.def)             Requested size: 341.21913pt x 213.27184pt.
<Chapter7/Figs/deep_all_local_learning.png, id=3962, 513.117pt x 220.4235pt>
File: Chapter7/Figs/deep_all_local_learning.png Graphic file (type png)
<use Chapter7/Figs/deep_all_local_learning.png>
Package pdftex.def Info: Chapter7/Figs/deep_all_local_learning.png  used on inp
ut line 292.
(pdftex.def)             Requested size: 402.46342pt x 172.89491pt.

Underfull \hbox (badness 10000) in paragraph at lines 297--298

 []

[168 <./Chapter7/Figs/hybrid_array_scale_faults.png>]
Underfull \hbox (badness 10000) in paragraph at lines 299--300

 []


Underfull \hbox (badness 10000) in paragraph at lines 301--302

 []

[169 <./Chapter7/Figs/deep_all_local_learning.png>]
Underfull \hbox (badness 10000) in paragraph at lines 303--304

 []


Underfull \hbox (badness 10000) in paragraph at lines 305--306

 []


Underfull \hbox (badness 10000) in paragraph at lines 307--308

 []


Underfull \hbox (badness 10000) in paragraph at lines 309--310

 []

[170]
<Chapter7/Figs/deep_all_local_crossbar.png, id=3994, 794.97pt x 289.08pt>
File: Chapter7/Figs/deep_all_local_crossbar.png Graphic file (type png)
<use Chapter7/Figs/deep_all_local_crossbar.png>
Package pdftex.def Info: Chapter7/Figs/deep_all_local_crossbar.png  used on inp
ut line 312.
(pdftex.def)             Requested size: 437.46112pt x 159.0827pt.

Underfull \hbox (badness 10000) in paragraph at lines 317--318

 []

[171 <./Chapter7/Figs/deep_all_local_crossbar.png>]
Underfull \hbox (badness 10000) in paragraph at lines 322--324

 []


Underfull \hbox (badness 10000) in paragraph at lines 328--330

 []


Underfull \hbox (badness 10000) in paragraph at lines 331--332

 []


Underfull \hbox (badness 10000) in paragraph at lines 333--334

 []

[172]
Underfull \hbox (badness 10000) in paragraph at lines 335--336

 []

<Chapter7/Figs/delayed_match_temporal_primitive.png, id=4039, 607.068pt x 245.7
18pt>
File: Chapter7/Figs/delayed_match_temporal_primitive.png Graphic file (type png
)
<use Chapter7/Figs/delayed_match_temporal_primitive.png>
Package pdftex.def Info: Chapter7/Figs/delayed_match_temporal_primitive.png  us
ed on input line 338.
(pdftex.def)             Requested size: 376.21683pt x 152.2761pt.

Underfull \hbox (badness 10000) in paragraph at lines 343--344

 []

[173 <./Chapter7/Figs/delayed_match_temporal_primitive.png>]
<Chapter7/Figs/temporal_spatial_credit.png, id=4054, 664.884pt x 281.853pt>
File: Chapter7/Figs/temporal_spatial_credit.png Graphic file (type png)
<use Chapter7/Figs/temporal_spatial_credit.png>
Package pdftex.def Info: Chapter7/Figs/temporal_spatial_credit.png  used on inp
ut line 346.
(pdftex.def)             Requested size: 402.46342pt x 170.60976pt.
<Chapter7/Figs/homeostasis_stabilisation.png, id=4055, 520.344pt x 317.988pt>
File: Chapter7/Figs/homeostasis_stabilisation.png Graphic file (type png)
<use Chapter7/Figs/homeostasis_stabilisation.png>
Package pdftex.def Info: Chapter7/Figs/homeostasis_stabilisation.png  used on i
nput line 352.
(pdftex.def)             Requested size: 419.9656pt x 256.65666pt.

Underfull \hbox (badness 10000) in paragraph at lines 357--358

 []


Underfull \hbox (badness 10000) in paragraph at lines 359--360

 []

[174 <./Chapter7/Figs/temporal_spatial_credit.png>]
<Chapter7/Figs/array_scale_fault_tolerance.png, id=4066, 404.712pt x 289.08pt>
File: Chapter7/Figs/array_scale_fault_tolerance.png Graphic file (type png)
<use Chapter7/Figs/array_scale_fault_tolerance.png>
Package pdftex.def Info: Chapter7/Figs/array_scale_fault_tolerance.png  used on
 input line 362.
(pdftex.def)             Requested size: 271.22375pt x 193.73993pt.
<Chapter7/Figs/frank_probabilistic_selection.png, id=4069, 578.16pt x 231.264pt
>
File: Chapter7/Figs/frank_probabilistic_selection.png Graphic file (type png)
<use Chapter7/Figs/frank_probabilistic_selection.png>
Package pdftex.def Info: Chapter7/Figs/frank_probabilistic_selection.png  used 
on input line 371.
(pdftex.def)             Requested size: 402.46342pt x 160.98384pt.
 [175 <./Chapter7/Figs/homeostasis_stabilisation.png>]
Underfull \hbox (badness 10000) in paragraph at lines 376--377

 []

[176 <./Chapter7/Figs/array_scale_fault_tolerance.png> <./Chapter7/Figs/frank_p
robabilistic_selection.png>]
Underfull \hbox (badness 10000) in paragraph at lines 378--379

 []


Underfull \hbox (badness 10000) in paragraph at lines 380--381

 []

[177]
Underfull \hbox (badness 10000) in paragraph at lines 382--383

 []

<Chapter7/Figs/eeg_reward_capstone.png, id=4102, 534.798pt x 216.81pt>
File: Chapter7/Figs/eeg_reward_capstone.png Graphic file (type png)
<use Chapter7/Figs/eeg_reward_capstone.png>
Package pdftex.def Info: Chapter7/Figs/eeg_reward_capstone.png  used on input l
ine 385.
(pdftex.def)             Requested size: 402.46342pt x 163.16287pt.

Underfull \hbox (badness 10000) in paragraph at lines 390--391

 []

[178 <./Chapter7/Figs/eeg_reward_capstone.png>]
<Chapter7/Figs/dopamine_reward_signal.png, id=4132, 578.16pt x 224.037pt>
File: Chapter7/Figs/dopamine_reward_signal.png Graphic file (type png)
<use Chapter7/Figs/dopamine_reward_signal.png>
Package pdftex.def Info: Chapter7/Figs/dopamine_reward_signal.png  used on inpu
t line 393.
(pdftex.def)             Requested size: 437.46112pt x 169.51437pt.

Underfull \hbox (badness 10000) in paragraph at lines 398--399

 []

<Chapter7/Figs/dopamine_reward_capstone.png, id=4147, 794.97pt x 224.037pt>
File: Chapter7/Figs/dopamine_reward_capstone.png Graphic file (type png)
<use Chapter7/Figs/dopamine_reward_capstone.png>
Package pdftex.def Info: Chapter7/Figs/dopamine_reward_capstone.png  used on in
put line 401.
(pdftex.def)             Requested size: 437.46112pt x 123.2891pt.
[179 <./Chapter7/Figs/dopamine_reward_signal.png>]
<Chapter7/Figs/retention_delay_scaling_law.png, id=4160, 404.712pt x 303.534pt>

File: Chapter7/Figs/retention_delay_scaling_law.png Graphic file (type png)
<use Chapter7/Figs/retention_delay_scaling_law.png>
Package pdftex.def Info: Chapter7/Figs/retention_delay_scaling_law.png  used on
 input line 412.
(pdftex.def)             Requested size: 371.84462pt x 278.89803pt.

Underfull \hbox (badness 10000) in paragraph at lines 417--418

 []


Underfull \hbox (badness 10000) in paragraph at lines 422--424

 []

[180 <./Chapter7/Figs/dopamine_reward_capstone.png>]
Underfull \hbox (badness 10000) in paragraph at lines 425--426

 []


Underfull \hbox (badness 10000) in paragraph at lines 427--428

 []

[181 <./Chapter7/Figs/retention_delay_scaling_law.png>]
Underfull \hbox (badness 10000) in paragraph at lines 429--430

 []

<Chapter7/Figs/retention_as_asset_distal_cue.png, id=4181, 498.663pt x 228.6141
pt>
File: Chapter7/Figs/retention_as_asset_distal_cue.png Graphic file (type png)
<use Chapter7/Figs/retention_as_asset_distal_cue.png>
Package pdftex.def Info: Chapter7/Figs/retention_as_asset_distal_cue.png  used 
on input line 432.
(pdftex.def)             Requested size: 393.71233pt x 180.4985pt.

Underfull \hbox (badness 10000) in paragraph at lines 437--438

 []

[182]
<Chapter7/Figs/single_rate_reduction_validation.png, id=4189, 607.068pt x 238.4
91pt>
File: Chapter7/Figs/single_rate_reduction_validation.png Graphic file (type png
)
<use Chapter7/Figs/single_rate_reduction_validation.png>
Package pdftex.def Info: Chapter7/Figs/single_rate_reduction_validation.png  us
ed on input line 440.
(pdftex.def)             Requested size: 371.84462pt x 146.07973pt.

Underfull \hbox (badness 10000) in paragraph at lines 445--446

 []

[183 <./Chapter7/Figs/retention_as_asset_distal_cue.png> <./Chapter7/Figs/singl
e_rate_reduction_validation.png>]
Overfull \hbox (2.0527pt too wide) in paragraph at lines 447--448
\T1/ptm/m/n/12 (-20) In bi-ol-ogy, $\OML/ztmcm/m/it/12 ^^\$ \T1/ptm/m/n/12 (-20
) is the neuromodulator-gated synap-tic el-i-gi-bil-ity win-dow, it-self tun-ab
le: dopamine
 []


Underfull \hbox (badness 10000) in paragraph at lines 447--448

 []


Underfull \hbox (badness 10000) in paragraph at lines 449--450

 []


Underfull \hbox (badness 10000) in paragraph at lines 451--452

 []


Underfull \hbox (badness 10000) in paragraph at lines 453--454

 []

[184]
Underfull \hbox (badness 10000) in paragraph at lines 455--456

 []


Underfull \hbox (badness 10000) in paragraph at lines 461--462

 []

[185]) [186]
\openout2 = `Chapter8/chapter8.aux'.

 (Chapter8/chapter8.tex
Chapter 8.

Underfull \hbox (badness 10000) in paragraph at lines 12--13

 []


Underfull \hbox (badness 10000) in paragraph at lines 19--20

 []


Underfull \hbox (badness 10000) in paragraph at lines 21--22

 []

[187




]
<Chapter8/Figs/long_horizon.png, id=4257, 650.43pt x 245.718pt>
File: Chapter8/Figs/long_horizon.png Graphic file (type png)
<use Chapter8/Figs/long_horizon.png>
Package pdftex.def Info: Chapter8/Figs/long_horizon.png  used on input line 24.

(pdftex.def)             Requested size: 437.46112pt x 165.26758pt.

Underfull \hbox (badness 10000) in paragraph at lines 29--30

 []

<Chapter8/Figs/reversal.png, id=4261, 643.6848pt x 256.0767pt>
File: Chapter8/Figs/reversal.png Graphic file (type png)
<use Chapter8/Figs/reversal.png>
Package pdftex.def Info: Chapter8/Figs/reversal.png  used on input line 32.
(pdftex.def)             Requested size: 437.46112pt x 174.03998pt.
[188 <./Chapter8/Figs/long_horizon.png>]
Underfull \hbox (badness 10000) in paragraph at lines 41--43

 []

<Chapter8/Figs/multitimescale.png, id=4272, 419.166pt x 274.626pt>
File: Chapter8/Figs/multitimescale.png Graphic file (type png)
<use Chapter8/Figs/multitimescale.png>
Package pdftex.def Info: Chapter8/Figs/multitimescale.png  used on input line 4
5.
(pdftex.def)             Requested size: 306.22144pt x 200.63036pt.

Underfull \hbox (badness 10000) in paragraph at lines 50--51

 []

[189 <./Chapter8/Figs/reversal.png>]
Underfull \hbox (badness 10000) in paragraph at lines 52--53

 []

<Chapter8/Figs/vector_timer.png, id=4289, 650.43pt x 245.718pt>
File: Chapter8/Figs/vector_timer.png Graphic file (type png)
<use Chapter8/Figs/vector_timer.png>
Package pdftex.def Info: Chapter8/Figs/vector_timer.png  used on input line 55.

(pdftex.def)             Requested size: 437.46112pt x 165.26758pt.

Underfull \hbox (badness 10000) in paragraph at lines 60--61

 []

[190 <./Chapter8/Figs/multitimescale.png>]
<Chapter8/Figs/wm_stc_joint.png, id=4297, 715.473pt x 267.03764pt>
File: Chapter8/Figs/wm_stc_joint.png Graphic file (type png)
<use Chapter8/Figs/wm_stc_joint.png>
Package pdftex.def Info: Chapter8/Figs/wm_stc_joint.png  used on input line 63.

(pdftex.def)             Requested size: 437.46112pt x 163.27165pt.
 [191 <./Chapter8/Figs/vector_timer.png>]
Underfull \hbox (badness 10000) in paragraph at lines 76--78

 []

[192 <./Chapter8/Figs/wm_stc_joint.png>]
Underfull \hbox (badness 10000) in paragraph at lines 79--80

 []


Underfull \hbox (badness 10000) in paragraph at lines 81--82

 []

<Chapter8/Figs/capture.png, id=4334, 809.424pt x 310.761pt>
File: Chapter8/Figs/capture.png Graphic file (type png)
<use Chapter8/Figs/capture.png>
Package pdftex.def Info: Chapter8/Figs/capture.png  used on input line 84.
(pdftex.def)             Requested size: 402.46342pt x 154.5171pt.
<Chapter8/Figs/capture_electron.png, id=4341, 722.7pt x 520.344pt>
File: Chapter8/Figs/capture_electron.png Graphic file (type png)
<use Chapter8/Figs/capture_electron.png>
Package pdftex.def Info: Chapter8/Figs/capture_electron.png  used on input line
 90.
(pdftex.def)             Requested size: 437.46112pt x 314.97185pt.

Underfull \hbox (badness 10000) in paragraph at lines 98--99

 []

[193 <./Chapter8/Figs/capture.png>]
Underfull \hbox (badness 10000) in paragraph at lines 100--101

 []

[194 <./Chapter8/Figs/capture_electron.png>]
Underfull \hbox (badness 10000) in paragraph at lines 102--103

 []


Underfull \hbox (badness 10000) in paragraph at lines 104--105

 []


Underfull \hbox (badness 10000) in paragraph at lines 106--107

 []

[195]
<Chapter8/Figs/device_td.png, id=4367, 455.301pt x 277.5168pt>
File: Chapter8/Figs/device_td.png Graphic file (type png)
<use Chapter8/Figs/device_td.png>
Package pdftex.def Info: Chapter8/Figs/device_td.png  used on input line 109.
(pdftex.def)             Requested size: 349.97023pt x 213.32018pt.

Underfull \hbox (badness 10000) in paragraph at lines 114--115

 []

[196 <./Chapter8/Figs/device_td.png>]
Underfull \hbox (badness 10000) in paragraph at lines 116--117

 []


Underfull \hbox (badness 10000) in paragraph at lines 118--119

 []


Underfull \hbox (badness 10000) in paragraph at lines 120--121

 []

[197]
Underfull \hbox (badness 10000) in paragraph at lines 127--128

 []


Underfull \hbox (badness 10000) in paragraph at lines 129--130

 []


Underfull \hbox (badness 10000) in paragraph at lines 131--132

 []


Underfull \hbox (badness 10000) in paragraph at lines 133--134

 []

[198]
Underfull \hbox (badness 10000) in paragraph at lines 135--136

 []


Underfull \hbox (badness 10000) in paragraph at lines 137--138

 []


Underfull \hbox (badness 10000) in paragraph at lines 139--140

 []

[199]
Underfull \hbox (badness 10000) in paragraph at lines 141--142

 []

) [200] (thesis.bbl [201




] [202] [203] [204] [205] [206] [207] [208] [209]
[210] [211] [212] [213] [214] [215] [216] [217] [218]
Underfull \hbox (badness 1708) in paragraph at lines 1726--1732
[]\T1/ptm/m/n/12 (+20) Xiao-Yuan Wang, Chuan-Tao Dong, Peng-Fei Zhou, San-joy K
u-mar Nandi,
 []

[219] [220] [221] [222] [223] [224]) [225] [226

] (thesis.ind) (thesis.aux
(Declaration/declaration.aux) (Abstract/abstract.aux) (Impact/impact.aux)
(Acknowledgement/acknowledgement.aux) (Nomenclature/nomenclature.aux)
(Chapter1/chapter1.aux) (Chapter2/chapter2.aux) (Chapter3/chapter3.aux)
(Chapter4/chapter4.aux) (Chapter5/chapter5.aux) (Chapter6/chapter6.aux)
(Chapter7/chapter7.aux) (Chapter8/chapter8.aux))
 ***********
LaTeX2e <2023-11-01> patch level 1
L3 programming layer <2024-01-04>
 ***********
Package rerunfilecheck Info: File `thesis.out' has not changed.
(rerunfilecheck)             Checksum: 6E854831EA425D82BFD89D2B0378B2FB;21741.
 ) 
Here is how much of TeX's memory you used:
 27778 strings out of 474486
 546739 string characters out of 5744227
 1968542 words of memory out of 5000000
 47988 multiletter control sequences out of 15000+600000
 663263 words of font info for 428 fonts, out of 8000000 for 9000
 1141 hyphenation exceptions out of 8191
 125i,16n,121p,2425b,1705s stack positions out of 10000i,1000n,20000p,200000b,200000s

pdfTeX warning (dest): name{abbrev:EEG} has been referenced but does not exist,
 replaced by a fixed one


pdfTeX warning (dest): name{abbrev:CBRAM} has been referenced but does not exis
t, replaced by a fixed one

 <C:\Users\User\AppData\Local\MiKTeX\fonts/pk/ljfour/jknappen/ec/dpi600\ectt120
0.pk><C:/Users/User/AppData/Local/Programs/MiKTeX/fonts/type1/public/amsfonts/c
m/cmex10.pfb><C:/Users/User/AppData/Local/Programs/MiKTeX/fonts/type1/public/am
sfonts/cm/cmmi10.pfb><C:/Users/User/AppData/Local/Programs/MiKTeX/fonts/type1/p
ublic/amsfonts/cm/cmr10.pfb><C:/Users/User/AppData/Local/Programs/MiKTeX/fonts/
type1/public/amsfonts/cm/cmsy10.pfb><C:/Users/User/AppData/Local/Programs/MiKTe
X/fonts/type1/public/amsfonts/symbols/msam10.pfb><C:/Users/User/AppData/Local/P
rograms/MiKTeX/fonts/type1/public/amsfonts/symbols/msbm10.pfb><C:/Users/User/Ap
pData/Local/Programs/MiKTeX/fonts/type1/public/rsfs/rsfs10.pfb><C:/Users/User/A
ppData/Local/Programs/MiKTeX/fonts/type1/urw/symbol/usyr.pfb><C:/Users/User/App
Data/Local/Programs/MiKTeX/fonts/type1/urw/symbol/usyr.pfb><C:/Users/User/AppDa
ta/Local/Programs/MiKTeX/fonts/type1/urw/times/utmb8a.pfb><C:/Users/User/AppDat
a/Local/Programs/MiKTeX/fonts/type1/urw/times/utmr8a.pfb><C:/Users/User/AppData
/Local/Programs/MiKTeX/fonts/type1/urw/times/utmri8a.pfb>
Output written on thesis.pdf (252 pages, 64124752 bytes).
PDF statistics:
 4847 PDF objects out of 5155 (max. 8388607)
 1119 named destinations out of 1200 (max. 500000)
 96095 words of extra memory for PDF output out of 106986 (max. 10000000)

